<?xml version="1.0"?>
<!DOCTYPE BlastOutput PUBLIC "-//NCBI//NCBI BlastOutput/EN" "http://www.ncbi.nlm.nih.gov/dtd/NCBI_BlastOutput.dtd">
<BlastOutput>
  <BlastOutput_program>blastx</BlastOutput_program>
  <BlastOutput_version>BLASTX 2.2.29+</BlastOutput_version>
  <BlastOutput_reference>Stephen F. Altschul, Thomas L. Madden, Alejandro A. Sch&amp;auml;ffer, Jinghui Zhang, Zheng Zhang, Webb Miller, and David J. Lipman (1997), &quot;Gapped BLAST and PSI-BLAST: a new generation of protein database search programs&quot;, Nucleic Acids Res. 25:3389-3402.</BlastOutput_reference>
  <BlastOutput_db>nr</BlastOutput_db>
  <BlastOutput_query-ID>9331</BlastOutput_query-ID>
  <BlastOutput_query-def>No definition line</BlastOutput_query-def>
  <BlastOutput_query-len>70</BlastOutput_query-len>
  <BlastOutput_param>
    <Parameters>
      <Parameters_matrix>BLOSUM62</Parameters_matrix>
      <Parameters_expect>10</Parameters_expect>
      <Parameters_gap-open>11</Parameters_gap-open>
      <Parameters_gap-extend>1</Parameters_gap-extend>
      <Parameters_filter>F</Parameters_filter>
    </Parameters>
  </BlastOutput_param>
<BlastOutput_iterations>
<Iteration>
  <Iteration_iter-num>1</Iteration_iter-num>
  <Iteration_query-ID>9331</Iteration_query-ID>
  <Iteration_query-def>No definition line</Iteration_query-def>
  <Iteration_query-len>70</Iteration_query-len>
<Iteration_hits>
<Hit>
  <Hit_num>1</Hit_num>
  <Hit_id>gi|475557272|gb|EMT12811.1|</Hit_id>
  <Hit_def>Cullin-1 [Aegilops tauschii]</Hit_def>
  <Hit_accession>EMT12811</Hit_accession>
  <Hit_len>317</Hit_len>
  <Hit_hsps>
    <Hsp>
      <Hsp_num>1</Hsp_num>
      <Hsp_bit-score>47.3654</Hsp_bit-score>
      <Hsp_score>111</Hsp_score>
      <Hsp_evalue>2.20555e-05</Hsp_evalue>
      <Hsp_query-from>3</Hsp_query-from>
      <Hsp_query-to>68</Hsp_query-to>
      <Hsp_hit-from>269</Hsp_hit-from>
      <Hsp_hit-to>290</Hsp_hit-to>
      <Hsp_query-frame>-3</Hsp_query-frame>
      <Hsp_hit-frame>0</Hsp_hit-frame>
      <Hsp_identity>22</Hsp_identity>
      <Hsp_positive>22</Hsp_positive>
      <Hsp_gaps>0</Hsp_gaps>
      <Hsp_align-len>22</Hsp_align-len>
      <Hsp_qseq>TYDSYAREKQIGGQLLLQTYKT</Hsp_qseq>
      <Hsp_hseq>TYDSYAREKQIGGQLLLQTYKT</Hsp_hseq>
      <Hsp_midline>TYDSYAREKQIGGQLLLQTYKT</Hsp_midline>
    </Hsp>
  </Hit_hsps>
</Hit>
<Hit>
  <Hit_num>2</Hit_num>
  <Hit_id>gi|474093456|gb|EMS54964.1|</Hit_id>
  <Hit_def>Cullin-1 [Triticum urartu]</Hit_def>
  <Hit_accession>EMS54964</Hit_accession>
  <Hit_len>409</Hit_len>
  <Hit_hsps>
    <Hsp>
      <Hsp_num>1</Hsp_num>
      <Hsp_bit-score>47.3654</Hsp_bit-score>
      <Hsp_score>111</Hsp_score>
      <Hsp_evalue>3.1983e-05</Hsp_evalue>
      <Hsp_query-from>3</Hsp_query-from>
      <Hsp_query-to>68</Hsp_query-to>
      <Hsp_hit-from>361</Hsp_hit-from>
      <Hsp_hit-to>382</Hsp_hit-to>
      <Hsp_query-frame>-3</Hsp_query-frame>
      <Hsp_hit-frame>0</Hsp_hit-frame>
      <Hsp_identity>22</Hsp_identity>
      <Hsp_positive>22</Hsp_positive>
      <Hsp_gaps>0</Hsp_gaps>
      <Hsp_align-len>22</Hsp_align-len>
      <Hsp_qseq>TYDSYAREKQIGGQLLLQTYKT</Hsp_qseq>
      <Hsp_hseq>TYDSYAREKQIGGQLLLQTYKT</Hsp_hseq>
      <Hsp_midline>TYDSYAREKQIGGQLLLQTYKT</Hsp_midline>
    </Hsp>
  </Hit_hsps>
</Hit>
<Hit>
  <Hit_num>3</Hit_num>
  <Hit_id>gi|326498145|dbj|BAJ94935.1|</Hit_id>
  <Hit_def>predicted protein [Hordeum vulgare subsp. vulgare] &gt;gi|326524904|dbj|BAK04388.1| predicted protein [Hordeum vulgare subsp. vulgare]</Hit_def>
  <Hit_accession>BAJ94935</Hit_accession>
  <Hit_len>300</Hit_len>
  <Hit_hsps>
    <Hsp>
      <Hsp_num>1</Hsp_num>
      <Hsp_bit-score>44.2838</Hsp_bit-score>
      <Hsp_score>103</Hsp_score>
      <Hsp_evalue>0.00026835</Hsp_evalue>
      <Hsp_query-from>3</Hsp_query-from>
      <Hsp_query-to>65</Hsp_query-to>
      <Hsp_hit-from>253</Hsp_hit-from>
      <Hsp_hit-to>273</Hsp_hit-to>
      <Hsp_query-frame>-3</Hsp_query-frame>
      <Hsp_hit-frame>0</Hsp_hit-frame>
      <Hsp_identity>21</Hsp_identity>
      <Hsp_positive>21</Hsp_positive>
      <Hsp_gaps>0</Hsp_gaps>
      <Hsp_align-len>21</Hsp_align-len>
      <Hsp_qseq>YDSYAREKQIGGQLLLQTYKT</Hsp_qseq>
      <Hsp_hseq>YDSYAREKQIGGQLLLQTYKT</Hsp_hseq>
      <Hsp_midline>YDSYAREKQIGGQLLLQTYKT</Hsp_midline>
    </Hsp>
  </Hit_hsps>
</Hit>
<Hit>
  <Hit_num>4</Hit_num>
  <Hit_id>gi|357126698|ref|XP_003565024.1|</Hit_id>
  <Hit_def>PREDICTED: cullin-1-like [Brachypodium distachyon]</Hit_def>
  <Hit_accession>XP_003565024</Hit_accession>
  <Hit_len>306</Hit_len>
  <Hit_hsps>
    <Hsp>
      <Hsp_num>1</Hsp_num>
      <Hsp_bit-score>41.2022</Hsp_bit-score>
      <Hsp_score>95</Hsp_score>
      <Hsp_evalue>0.00357857</Hsp_evalue>
      <Hsp_query-from>3</Hsp_query-from>
      <Hsp_query-to>68</Hsp_query-to>
      <Hsp_hit-from>258</Hsp_hit-from>
      <Hsp_hit-to>279</Hsp_hit-to>
      <Hsp_query-frame>-3</Hsp_query-frame>
      <Hsp_hit-frame>0</Hsp_hit-frame>
      <Hsp_identity>18</Hsp_identity>
      <Hsp_positive>21</Hsp_positive>
      <Hsp_gaps>0</Hsp_gaps>
      <Hsp_align-len>22</Hsp_align-len>
      <Hsp_qseq>TYDSYAREKQIGGQLLLQTYKT</Hsp_qseq>
      <Hsp_hseq>TYDNYAREKNIGGELLIQTYKT</Hsp_hseq>
      <Hsp_midline>TYD+YAREK IGG+LL+QTYKT</Hsp_midline>
    </Hsp>
  </Hit_hsps>
</Hit>
<Hit>
  <Hit_num>5</Hit_num>
  <Hit_id>gi|125529014|gb|EAY77128.1|</Hit_id>
  <Hit_def>hypothetical protein OsI_05093 [Oryza sativa Indica Group]</Hit_def>
  <Hit_accession>EAY77128</Hit_accession>
  <Hit_len>300</Hit_len>
  <Hit_hsps>
    <Hsp>
      <Hsp_num>1</Hsp_num>
      <Hsp_bit-score>36.5798</Hsp_bit-score>
      <Hsp_score>83</Hsp_score>
      <Hsp_evalue>0.17733</Hsp_evalue>
      <Hsp_query-from>3</Hsp_query-from>
      <Hsp_query-to>68</Hsp_query-to>
      <Hsp_hit-from>252</Hsp_hit-from>
      <Hsp_hit-to>273</Hsp_hit-to>
      <Hsp_query-frame>-3</Hsp_query-frame>
      <Hsp_hit-frame>0</Hsp_hit-frame>
      <Hsp_identity>15</Hsp_identity>
      <Hsp_positive>19</Hsp_positive>
      <Hsp_gaps>0</Hsp_gaps>
      <Hsp_align-len>22</Hsp_align-len>
      <Hsp_qseq>TYDSYAREKQIGGQLLLQTYKT</Hsp_qseq>
      <Hsp_hseq>AYENYTKEKHIGGQVLLQTYKT</Hsp_hseq>
      <Hsp_midline> Y++Y +EK IGGQ+LLQTYKT</Hsp_midline>
    </Hsp>
  </Hit_hsps>
</Hit>
<Hit>
  <Hit_num>6</Hit_num>
  <Hit_id>gi|115442077|ref|NP_001045318.1|</Hit_id>
  <Hit_def>Os01g0935300 [Oryza sativa Japonica Group] &gt;gi|57899594|dbj|BAD87173.1| cullin 1B-like [Oryza sativa Japonica Group] &gt;gi|57899623|dbj|BAD87250.1| cullin 1B-like [Oryza sativa Japonica Group] &gt;gi|113534849|dbj|BAF07232.1| Os01g0935300 [Oryza sativa Japonica Group] &gt;gi|125573236|gb|EAZ14751.1| hypothetical protein OsJ_04678 [Oryza sativa Japonica Group]</Hit_def>
  <Hit_accession>NP_001045318</Hit_accession>
  <Hit_len>300</Hit_len>
  <Hit_hsps>
    <Hsp>
      <Hsp_num>1</Hsp_num>
      <Hsp_bit-score>35.8094</Hsp_bit-score>
      <Hsp_score>81</Hsp_score>
      <Hsp_evalue>0.301658</Hsp_evalue>
      <Hsp_query-from>3</Hsp_query-from>
      <Hsp_query-to>65</Hsp_query-to>
      <Hsp_hit-from>253</Hsp_hit-from>
      <Hsp_hit-to>273</Hsp_hit-to>
      <Hsp_query-frame>-3</Hsp_query-frame>
      <Hsp_hit-frame>0</Hsp_hit-frame>
      <Hsp_identity>15</Hsp_identity>
      <Hsp_positive>19</Hsp_positive>
      <Hsp_gaps>0</Hsp_gaps>
      <Hsp_align-len>21</Hsp_align-len>
      <Hsp_qseq>YDSYAREKQIGGQLLLQTYKT</Hsp_qseq>
      <Hsp_hseq>YENYTKEKHIGGQVLLQTYKT</Hsp_hseq>
      <Hsp_midline>Y++Y +EK IGGQ+LLQTYKT</Hsp_midline>
    </Hsp>
  </Hit_hsps>
</Hit>
<Hit>
  <Hit_num>7</Hit_num>
  <Hit_id>gi|226501852|ref|NP_001148676.1|</Hit_id>
  <Hit_def>cullin-1 [Zea mays] &gt;gi|195621328|gb|ACG32494.1| cullin-1 [Zea mays] &gt;gi|195622150|gb|ACG32905.1| cullin-1 [Zea mays]</Hit_def>
  <Hit_accession>NP_001148676</Hit_accession>
  <Hit_len>286</Hit_len>
  <Hit_hsps>
    <Hsp>
      <Hsp_num>1</Hsp_num>
      <Hsp_bit-score>35.039</Hsp_bit-score>
      <Hsp_score>79</Hsp_score>
      <Hsp_evalue>0.567425</Hsp_evalue>
      <Hsp_query-from>6</Hsp_query-from>
      <Hsp_query-to>68</Hsp_query-to>
      <Hsp_hit-from>250</Hsp_hit-from>
      <Hsp_hit-to>270</Hsp_hit-to>
      <Hsp_query-frame>-3</Hsp_query-frame>
      <Hsp_hit-frame>0</Hsp_hit-frame>
      <Hsp_identity>16</Hsp_identity>
      <Hsp_positive>18</Hsp_positive>
      <Hsp_gaps>0</Hsp_gaps>
      <Hsp_align-len>21</Hsp_align-len>
      <Hsp_qseq>TYDSYAREKQIGGQLLLQTYK</Hsp_qseq>
      <Hsp_hseq>TYVSYVTEKQIGGQLMLETYK</Hsp_hseq>
      <Hsp_midline>TY SY  EKQIGGQL+L+TYK</Hsp_midline>
    </Hsp>
  </Hit_hsps>
</Hit>
<Hit>
  <Hit_num>8</Hit_num>
  <Hit_id>gi|242055515|ref|XP_002456903.1|</Hit_id>
  <Hit_def>hypothetical protein SORBIDRAFT_03g045160 [Sorghum bicolor] &gt;gi|241928878|gb|EES02023.1| hypothetical protein SORBIDRAFT_03g045160 [Sorghum bicolor]</Hit_def>
  <Hit_accession>XP_002456903</Hit_accession>
  <Hit_len>225</Hit_len>
  <Hit_hsps>
    <Hsp>
      <Hsp_num>1</Hsp_num>
      <Hsp_bit-score>31.5722</Hsp_bit-score>
      <Hsp_score>70</Hsp_score>
      <Hsp_evalue>6.81787</Hsp_evalue>
      <Hsp_query-from>3</Hsp_query-from>
      <Hsp_query-to>68</Hsp_query-to>
      <Hsp_hit-from>189</Hsp_hit-from>
      <Hsp_hit-to>210</Hsp_hit-to>
      <Hsp_query-frame>-3</Hsp_query-frame>
      <Hsp_hit-frame>0</Hsp_hit-frame>
      <Hsp_identity>14</Hsp_identity>
      <Hsp_positive>18</Hsp_positive>
      <Hsp_gaps>0</Hsp_gaps>
      <Hsp_align-len>22</Hsp_align-len>
      <Hsp_qseq>TYDSYAREKQIGGQLLLQTYKT</Hsp_qseq>
      <Hsp_hseq>TYVNYVTEQQISGQLMLETYKT</Hsp_hseq>
      <Hsp_midline>TY +Y  E+QI GQL+L+TYKT</Hsp_midline>
    </Hsp>
  </Hit_hsps>
</Hit>
</Iteration_hits>
  <Iteration_stat>
    <Statistics>
      <Statistics_db-num>35203249</Statistics_db-num>
      <Statistics_db-len>12388037842</Statistics_db-len>
      <Statistics_hsp-len>0</Statistics_hsp-len>
      <Statistics_eff-space>0</Statistics_eff-space>
      <Statistics_kappa>0.041</Statistics_kappa>
      <Statistics_lambda>0.267</Statistics_lambda>
      <Statistics_entropy>0.14</Statistics_entropy>
    </Statistics>
  </Iteration_stat>
</Iteration>
</BlastOutput_iterations>
</BlastOutput>

