<?xml version="1.0"?>
<!DOCTYPE BlastOutput PUBLIC "-//NCBI//NCBI BlastOutput/EN" "http://www.ncbi.nlm.nih.gov/dtd/NCBI_BlastOutput.dtd">
<BlastOutput>
  <BlastOutput_program>blastx</BlastOutput_program>
  <BlastOutput_version>BLASTX 2.2.29+</BlastOutput_version>
  <BlastOutput_reference>Stephen F. Altschul, Thomas L. Madden, Alejandro A. Sch&amp;auml;ffer, Jinghui Zhang, Zheng Zhang, Webb Miller, and David J. Lipman (1997), &quot;Gapped BLAST and PSI-BLAST: a new generation of protein database search programs&quot;, Nucleic Acids Res. 25:3389-3402.</BlastOutput_reference>
  <BlastOutput_db>nr</BlastOutput_db>
  <BlastOutput_query-ID>230385</BlastOutput_query-ID>
  <BlastOutput_query-def>No definition line</BlastOutput_query-def>
  <BlastOutput_query-len>99</BlastOutput_query-len>
  <BlastOutput_param>
    <Parameters>
      <Parameters_matrix>BLOSUM62</Parameters_matrix>
      <Parameters_expect>10</Parameters_expect>
      <Parameters_gap-open>11</Parameters_gap-open>
      <Parameters_gap-extend>1</Parameters_gap-extend>
      <Parameters_filter>F</Parameters_filter>
    </Parameters>
  </BlastOutput_param>
<BlastOutput_iterations>
<Iteration>
  <Iteration_iter-num>1</Iteration_iter-num>
  <Iteration_query-ID>230385</Iteration_query-ID>
  <Iteration_query-def>No definition line</Iteration_query-def>
  <Iteration_query-len>99</Iteration_query-len>
<Iteration_hits>
<Hit>
  <Hit_num>1</Hit_num>
  <Hit_id>gi|475404862|gb|EMT00836.1|</Hit_id>
  <Hit_def>hypothetical protein F775_18483 [Aegilops tauschii]</Hit_def>
  <Hit_accession>EMT00836</Hit_accession>
  <Hit_len>325</Hit_len>
  <Hit_hsps>
    <Hsp>
      <Hsp_num>1</Hsp_num>
      <Hsp_bit-score>48.1358</Hsp_bit-score>
      <Hsp_score>113</Hsp_score>
      <Hsp_evalue>4.10655e-09</Hsp_evalue>
      <Hsp_query-from>2</Hsp_query-from>
      <Hsp_query-to>61</Hsp_query-to>
      <Hsp_hit-from>171</Hsp_hit-from>
      <Hsp_hit-to>190</Hsp_hit-to>
      <Hsp_query-frame>2</Hsp_query-frame>
      <Hsp_hit-frame>0</Hsp_hit-frame>
      <Hsp_identity>20</Hsp_identity>
      <Hsp_positive>20</Hsp_positive>
      <Hsp_gaps>0</Hsp_gaps>
      <Hsp_align-len>20</Hsp_align-len>
      <Hsp_qseq>QEDDLQLIDGAMEYHDLVTP</Hsp_qseq>
      <Hsp_hseq>QEDDLQLIDGAMEYHDLVTP</Hsp_hseq>
      <Hsp_midline>QEDDLQLIDGAMEYHDLVTP</Hsp_midline>
    </Hsp>
    <Hsp>
      <Hsp_num>2</Hsp_num>
      <Hsp_bit-score>38.1206</Hsp_bit-score>
      <Hsp_score>87</Hsp_score>
      <Hsp_evalue>4.10655e-09</Hsp_evalue>
      <Hsp_query-from>60</Hsp_query-from>
      <Hsp_query-to>98</Hsp_query-to>
      <Hsp_hit-from>190</Hsp_hit-from>
      <Hsp_hit-to>202</Hsp_hit-to>
      <Hsp_query-frame>3</Hsp_query-frame>
      <Hsp_hit-frame>0</Hsp_hit-frame>
      <Hsp_identity>13</Hsp_identity>
      <Hsp_positive>13</Hsp_positive>
      <Hsp_gaps>0</Hsp_gaps>
      <Hsp_align-len>13</Hsp_align-len>
      <Hsp_qseq>PEYPFTHRINGDC</Hsp_qseq>
      <Hsp_hseq>PEYPFTHRINGDC</Hsp_hseq>
      <Hsp_midline>PEYPFTHRINGDC</Hsp_midline>
    </Hsp>
  </Hit_hsps>
</Hit>
<Hit>
  <Hit_num>2</Hit_num>
  <Hit_id>gi|475458038|gb|EMT01916.1|</Hit_id>
  <Hit_def>hypothetical protein F775_17817 [Aegilops tauschii]</Hit_def>
  <Hit_accession>EMT01916</Hit_accession>
  <Hit_len>462</Hit_len>
  <Hit_hsps>
    <Hsp>
      <Hsp_num>1</Hsp_num>
      <Hsp_bit-score>46.9802</Hsp_bit-score>
      <Hsp_score>110</Hsp_score>
      <Hsp_evalue>6.32048e-08</Hsp_evalue>
      <Hsp_query-from>2</Hsp_query-from>
      <Hsp_query-to>61</Hsp_query-to>
      <Hsp_hit-from>198</Hsp_hit-from>
      <Hsp_hit-to>217</Hsp_hit-to>
      <Hsp_query-frame>2</Hsp_query-frame>
      <Hsp_hit-frame>0</Hsp_hit-frame>
      <Hsp_identity>20</Hsp_identity>
      <Hsp_positive>20</Hsp_positive>
      <Hsp_gaps>0</Hsp_gaps>
      <Hsp_align-len>20</Hsp_align-len>
      <Hsp_qseq>QEDDLQLIDGAMEYHDLVTP</Hsp_qseq>
      <Hsp_hseq>QEDDLQLIDGAMEYHDLVTP</Hsp_hseq>
      <Hsp_midline>QEDDLQLIDGAMEYHDLVTP</Hsp_midline>
    </Hsp>
    <Hsp>
      <Hsp_num>2</Hsp_num>
      <Hsp_bit-score>35.039</Hsp_bit-score>
      <Hsp_score>79</Hsp_score>
      <Hsp_evalue>6.32048e-08</Hsp_evalue>
      <Hsp_query-from>60</Hsp_query-from>
      <Hsp_query-to>98</Hsp_query-to>
      <Hsp_hit-from>217</Hsp_hit-from>
      <Hsp_hit-to>229</Hsp_hit-to>
      <Hsp_query-frame>3</Hsp_query-frame>
      <Hsp_hit-frame>0</Hsp_hit-frame>
      <Hsp_identity>12</Hsp_identity>
      <Hsp_positive>12</Hsp_positive>
      <Hsp_gaps>0</Hsp_gaps>
      <Hsp_align-len>13</Hsp_align-len>
      <Hsp_qseq>PEYPFTHRINGDC</Hsp_qseq>
      <Hsp_hseq>PEYPFTHRINDDC</Hsp_hseq>
      <Hsp_midline>PEYPFTHRIN DC</Hsp_midline>
    </Hsp>
  </Hit_hsps>
</Hit>
<Hit>
  <Hit_num>3</Hit_num>
  <Hit_id>gi|226498058|ref|NP_001145298.1|</Hit_id>
  <Hit_def>uncharacterized protein LOC100278599 [Zea mays] &gt;gi|195654243|gb|ACG46589.1| hypothetical protein [Zea mays]</Hit_def>
  <Hit_accession>NP_001145298</Hit_accession>
  <Hit_len>394</Hit_len>
  <Hit_hsps>
    <Hsp>
      <Hsp_num>1</Hsp_num>
      <Hsp_bit-score>32.3426</Hsp_bit-score>
      <Hsp_score>72</Hsp_score>
      <Hsp_evalue>0.185441</Hsp_evalue>
      <Hsp_query-from>2</Hsp_query-from>
      <Hsp_query-to>61</Hsp_query-to>
      <Hsp_hit-from>222</Hsp_hit-from>
      <Hsp_hit-to>241</Hsp_hit-to>
      <Hsp_query-frame>2</Hsp_query-frame>
      <Hsp_hit-frame>0</Hsp_hit-frame>
      <Hsp_identity>13</Hsp_identity>
      <Hsp_positive>17</Hsp_positive>
      <Hsp_gaps>0</Hsp_gaps>
      <Hsp_align-len>20</Hsp_align-len>
      <Hsp_qseq>QEDDLQLIDGAMEYHDLVTP</Hsp_qseq>
      <Hsp_hseq>EEDDLQLIDGMIDYSELRTP</Hsp_hseq>
      <Hsp_midline>+EDDLQLIDG ++Y +L TP</Hsp_midline>
    </Hsp>
    <Hsp>
      <Hsp_num>2</Hsp_num>
      <Hsp_bit-score>27.7202</Hsp_bit-score>
      <Hsp_score>60</Hsp_score>
      <Hsp_evalue>0.185441</Hsp_evalue>
      <Hsp_query-from>69</Hsp_query-from>
      <Hsp_query-to>98</Hsp_query-to>
      <Hsp_hit-from>245</Hsp_hit-from>
      <Hsp_hit-to>254</Hsp_hit-to>
      <Hsp_query-frame>3</Hsp_query-frame>
      <Hsp_hit-frame>0</Hsp_hit-frame>
      <Hsp_identity>9</Hsp_identity>
      <Hsp_positive>10</Hsp_positive>
      <Hsp_gaps>0</Hsp_gaps>
      <Hsp_align-len>10</Hsp_align-len>
      <Hsp_qseq>PFTHRINGDC</Hsp_qseq>
      <Hsp_hseq>PFTYRINGDC</Hsp_hseq>
      <Hsp_midline>PFT+RINGDC</Hsp_midline>
    </Hsp>
  </Hit_hsps>
</Hit>
<Hit>
  <Hit_num>4</Hit_num>
  <Hit_id>gi|326498903|dbj|BAK02437.1|</Hit_id>
  <Hit_def>predicted protein [Hordeum vulgare subsp. vulgare] &gt;gi|326501198|dbj|BAJ98830.1| predicted protein [Hordeum vulgare subsp. vulgare]</Hit_def>
  <Hit_accession>BAK02437</Hit_accession>
  <Hit_len>369</Hit_len>
  <Hit_hsps>
    <Hsp>
      <Hsp_num>1</Hsp_num>
      <Hsp_bit-score>33.8834</Hsp_bit-score>
      <Hsp_score>76</Hsp_score>
      <Hsp_evalue>0.211332</Hsp_evalue>
      <Hsp_query-from>2</Hsp_query-from>
      <Hsp_query-to>70</Hsp_query-to>
      <Hsp_hit-from>214</Hsp_hit-from>
      <Hsp_hit-to>236</Hsp_hit-to>
      <Hsp_query-frame>2</Hsp_query-frame>
      <Hsp_hit-frame>0</Hsp_hit-frame>
      <Hsp_identity>15</Hsp_identity>
      <Hsp_positive>18</Hsp_positive>
      <Hsp_gaps>0</Hsp_gaps>
      <Hsp_align-len>23</Hsp_align-len>
      <Hsp_qseq>QEDDLQLIDGAMEYHDLVTP*VS</Hsp_qseq>
      <Hsp_hseq>EEDDLTLIDGATDYCDLTTPSMS</Hsp_hseq>
      <Hsp_midline>+EDDL LIDGA +Y DL TP +S</Hsp_midline>
    </Hsp>
    <Hsp>
      <Hsp_num>2</Hsp_num>
      <Hsp_bit-score>25.7942</Hsp_bit-score>
      <Hsp_score>55</Hsp_score>
      <Hsp_evalue>0.211332</Hsp_evalue>
      <Hsp_query-from>60</Hsp_query-from>
      <Hsp_query-to>98</Hsp_query-to>
      <Hsp_hit-from>233</Hsp_hit-from>
      <Hsp_hit-to>245</Hsp_hit-to>
      <Hsp_query-frame>3</Hsp_query-frame>
      <Hsp_hit-frame>0</Hsp_hit-frame>
      <Hsp_identity>9</Hsp_identity>
      <Hsp_positive>10</Hsp_positive>
      <Hsp_gaps>0</Hsp_gaps>
      <Hsp_align-len>13</Hsp_align-len>
      <Hsp_qseq>PEYPFTHRINGDC</Hsp_qseq>
      <Hsp_hseq>PSMSFTNRINGDC</Hsp_hseq>
      <Hsp_midline>P   FT+RINGDC</Hsp_midline>
    </Hsp>
  </Hit_hsps>
</Hit>
<Hit>
  <Hit_num>5</Hit_num>
  <Hit_id>gi|413943700|gb|AFW76349.1|</Hit_id>
  <Hit_def>hypothetical protein ZEAMMB73_149011 [Zea mays]</Hit_def>
  <Hit_accession>AFW76349</Hit_accession>
  <Hit_len>394</Hit_len>
  <Hit_hsps>
    <Hsp>
      <Hsp_num>1</Hsp_num>
      <Hsp_bit-score>32.3426</Hsp_bit-score>
      <Hsp_score>72</Hsp_score>
      <Hsp_evalue>0.214134</Hsp_evalue>
      <Hsp_query-from>2</Hsp_query-from>
      <Hsp_query-to>61</Hsp_query-to>
      <Hsp_hit-from>222</Hsp_hit-from>
      <Hsp_hit-to>241</Hsp_hit-to>
      <Hsp_query-frame>2</Hsp_query-frame>
      <Hsp_hit-frame>0</Hsp_hit-frame>
      <Hsp_identity>13</Hsp_identity>
      <Hsp_positive>17</Hsp_positive>
      <Hsp_gaps>0</Hsp_gaps>
      <Hsp_align-len>20</Hsp_align-len>
      <Hsp_qseq>QEDDLQLIDGAMEYHDLVTP</Hsp_qseq>
      <Hsp_hseq>EEDDLQLIDGMIDYSELRTP</Hsp_hseq>
      <Hsp_midline>+EDDLQLIDG ++Y +L TP</Hsp_midline>
    </Hsp>
    <Hsp>
      <Hsp_num>2</Hsp_num>
      <Hsp_bit-score>27.335</Hsp_bit-score>
      <Hsp_score>59</Hsp_score>
      <Hsp_evalue>0.214134</Hsp_evalue>
      <Hsp_query-from>69</Hsp_query-from>
      <Hsp_query-to>98</Hsp_query-to>
      <Hsp_hit-from>245</Hsp_hit-from>
      <Hsp_hit-to>254</Hsp_hit-to>
      <Hsp_query-frame>3</Hsp_query-frame>
      <Hsp_hit-frame>0</Hsp_hit-frame>
      <Hsp_identity>9</Hsp_identity>
      <Hsp_positive>10</Hsp_positive>
      <Hsp_gaps>0</Hsp_gaps>
      <Hsp_align-len>10</Hsp_align-len>
      <Hsp_qseq>PFTHRINGDC</Hsp_qseq>
      <Hsp_hseq>PFTYRINGDC</Hsp_hseq>
      <Hsp_midline>PFT+RINGDC</Hsp_midline>
    </Hsp>
  </Hit_hsps>
</Hit>
<Hit>
  <Hit_num>6</Hit_num>
  <Hit_id>gi|474301862|gb|EMS61630.1|</Hit_id>
  <Hit_def>hypothetical protein TRIUR3_03401 [Triticum urartu]</Hit_def>
  <Hit_accession>EMS61630</Hit_accession>
  <Hit_len>237</Hit_len>
  <Hit_hsps>
    <Hsp>
      <Hsp_num>1</Hsp_num>
      <Hsp_bit-score>33.4982</Hsp_bit-score>
      <Hsp_score>75</Hsp_score>
      <Hsp_evalue>0.424891</Hsp_evalue>
      <Hsp_query-from>2</Hsp_query-from>
      <Hsp_query-to>70</Hsp_query-to>
      <Hsp_hit-from>45</Hsp_hit-from>
      <Hsp_hit-to>67</Hsp_hit-to>
      <Hsp_query-frame>2</Hsp_query-frame>
      <Hsp_hit-frame>0</Hsp_hit-frame>
      <Hsp_identity>15</Hsp_identity>
      <Hsp_positive>17</Hsp_positive>
      <Hsp_gaps>0</Hsp_gaps>
      <Hsp_align-len>23</Hsp_align-len>
      <Hsp_qseq>QEDDLQLIDGAMEYHDLVTP*VS</Hsp_qseq>
      <Hsp_hseq>EEDDLTLIDGATDYCDLTIPSVS</Hsp_hseq>
      <Hsp_midline>+EDDL LIDGA +Y DL  P VS</Hsp_midline>
    </Hsp>
    <Hsp>
      <Hsp_num>2</Hsp_num>
      <Hsp_bit-score>25.0238</Hsp_bit-score>
      <Hsp_score>53</Hsp_score>
      <Hsp_evalue>0.424891</Hsp_evalue>
      <Hsp_query-from>60</Hsp_query-from>
      <Hsp_query-to>98</Hsp_query-to>
      <Hsp_hit-from>64</Hsp_hit-from>
      <Hsp_hit-to>76</Hsp_hit-to>
      <Hsp_query-frame>3</Hsp_query-frame>
      <Hsp_hit-frame>0</Hsp_hit-frame>
      <Hsp_identity>8</Hsp_identity>
      <Hsp_positive>10</Hsp_positive>
      <Hsp_gaps>0</Hsp_gaps>
      <Hsp_align-len>13</Hsp_align-len>
      <Hsp_qseq>PEYPFTHRINGDC</Hsp_qseq>
      <Hsp_hseq>PSVSFTHRIHGNC</Hsp_hseq>
      <Hsp_midline>P   FTHRI+G+C</Hsp_midline>
    </Hsp>
  </Hit_hsps>
</Hit>
<Hit>
  <Hit_num>7</Hit_num>
  <Hit_id>gi|475620801|gb|EMT31241.1|</Hit_id>
  <Hit_def>hypothetical protein F775_18362 [Aegilops tauschii]</Hit_def>
  <Hit_accession>EMT31241</Hit_accession>
  <Hit_len>266</Hit_len>
  <Hit_hsps>
    <Hsp>
      <Hsp_num>1</Hsp_num>
      <Hsp_bit-score>30.0314</Hsp_bit-score>
      <Hsp_score>66</Hsp_score>
      <Hsp_evalue>0.909524</Hsp_evalue>
      <Hsp_query-from>60</Hsp_query-from>
      <Hsp_query-to>98</Hsp_query-to>
      <Hsp_hit-from>152</Hsp_hit-from>
      <Hsp_hit-to>164</Hsp_hit-to>
      <Hsp_query-frame>3</Hsp_query-frame>
      <Hsp_hit-frame>0</Hsp_hit-frame>
      <Hsp_identity>10</Hsp_identity>
      <Hsp_positive>11</Hsp_positive>
      <Hsp_gaps>0</Hsp_gaps>
      <Hsp_align-len>13</Hsp_align-len>
      <Hsp_qseq>PEYPFTHRINGDC</Hsp_qseq>
      <Hsp_hseq>PSHPFTSRINGDC</Hsp_hseq>
      <Hsp_midline>P +PFT RINGDC</Hsp_midline>
    </Hsp>
    <Hsp>
      <Hsp_num>2</Hsp_num>
      <Hsp_bit-score>27.7202</Hsp_bit-score>
      <Hsp_score>60</Hsp_score>
      <Hsp_evalue>0.909524</Hsp_evalue>
      <Hsp_query-from>2</Hsp_query-from>
      <Hsp_query-to>61</Hsp_query-to>
      <Hsp_hit-from>133</Hsp_hit-from>
      <Hsp_hit-to>152</Hsp_hit-to>
      <Hsp_query-frame>2</Hsp_query-frame>
      <Hsp_hit-frame>0</Hsp_hit-frame>
      <Hsp_identity>11</Hsp_identity>
      <Hsp_positive>16</Hsp_positive>
      <Hsp_gaps>0</Hsp_gaps>
      <Hsp_align-len>20</Hsp_align-len>
      <Hsp_qseq>QEDDLQLIDGAMEYHDLVTP</Hsp_qseq>
      <Hsp_hseq>EEYDLQLIDGATDFCEVTTP</Hsp_hseq>
      <Hsp_midline>+E DLQLIDGA ++ ++ TP</Hsp_midline>
    </Hsp>
  </Hit_hsps>
</Hit>
<Hit>
  <Hit_num>8</Hit_num>
  <Hit_id>gi|115478132|ref|NP_001062661.1|</Hit_id>
  <Hit_def>Os09g0246700 [Oryza sativa Japonica Group] &gt;gi|113630894|dbj|BAF24575.1| Os09g0246700 [Oryza sativa Japonica Group]</Hit_def>
  <Hit_accession>NP_001062661</Hit_accession>
  <Hit_len>321</Hit_len>
  <Hit_hsps>
    <Hsp>
      <Hsp_num>1</Hsp_num>
      <Hsp_bit-score>29.6462</Hsp_bit-score>
      <Hsp_score>65</Hsp_score>
      <Hsp_evalue>1.0576</Hsp_evalue>
      <Hsp_query-from>2</Hsp_query-from>
      <Hsp_query-to>58</Hsp_query-to>
      <Hsp_hit-from>167</Hsp_hit-from>
      <Hsp_hit-to>185</Hsp_hit-to>
      <Hsp_query-frame>2</Hsp_query-frame>
      <Hsp_hit-frame>0</Hsp_hit-frame>
      <Hsp_identity>12</Hsp_identity>
      <Hsp_positive>17</Hsp_positive>
      <Hsp_gaps>0</Hsp_gaps>
      <Hsp_align-len>19</Hsp_align-len>
      <Hsp_qseq>QEDDLQLIDGAMEYHDLVT</Hsp_qseq>
      <Hsp_hseq>EKDDLQLIDGAIDYIGLIT</Hsp_hseq>
      <Hsp_midline>++DDLQLIDGA++Y  L+T</Hsp_midline>
    </Hsp>
    <Hsp>
      <Hsp_num>2</Hsp_num>
      <Hsp_bit-score>27.7202</Hsp_bit-score>
      <Hsp_score>60</Hsp_score>
      <Hsp_evalue>1.0576</Hsp_evalue>
      <Hsp_query-from>66</Hsp_query-from>
      <Hsp_query-to>98</Hsp_query-to>
      <Hsp_hit-from>188</Hsp_hit-from>
      <Hsp_hit-to>198</Hsp_hit-to>
      <Hsp_query-frame>3</Hsp_query-frame>
      <Hsp_hit-frame>0</Hsp_hit-frame>
      <Hsp_identity>9</Hsp_identity>
      <Hsp_positive>10</Hsp_positive>
      <Hsp_gaps>0</Hsp_gaps>
      <Hsp_align-len>11</Hsp_align-len>
      <Hsp_qseq>YPFTHRINGDC</Hsp_qseq>
      <Hsp_hseq>FPFTKRINGDC</Hsp_hseq>
      <Hsp_midline>+PFT RINGDC</Hsp_midline>
    </Hsp>
  </Hit_hsps>
</Hit>
<Hit>
  <Hit_num>9</Hit_num>
  <Hit_id>gi|357130124|ref|XP_003566703.1|</Hit_id>
  <Hit_def>PREDICTED: uncharacterized protein LOC100843863 [Brachypodium distachyon]</Hit_def>
  <Hit_accession>XP_003566703</Hit_accession>
  <Hit_len>220</Hit_len>
  <Hit_hsps>
    <Hsp>
      <Hsp_num>1</Hsp_num>
      <Hsp_bit-score>33.4982</Hsp_bit-score>
      <Hsp_score>75</Hsp_score>
      <Hsp_evalue>2.12154</Hsp_evalue>
      <Hsp_query-from>2</Hsp_query-from>
      <Hsp_query-to>61</Hsp_query-to>
      <Hsp_hit-from>70</Hsp_hit-from>
      <Hsp_hit-to>89</Hsp_hit-to>
      <Hsp_query-frame>2</Hsp_query-frame>
      <Hsp_hit-frame>0</Hsp_hit-frame>
      <Hsp_identity>12</Hsp_identity>
      <Hsp_positive>17</Hsp_positive>
      <Hsp_gaps>0</Hsp_gaps>
      <Hsp_align-len>20</Hsp_align-len>
      <Hsp_qseq>QEDDLQLIDGAMEYHDLVTP</Hsp_qseq>
      <Hsp_hseq>EEDDLQLIDGTIDYNDITIP</Hsp_hseq>
      <Hsp_midline>+EDDLQLIDG ++Y+D+  P</Hsp_midline>
    </Hsp>
  </Hit_hsps>
</Hit>
<Hit>
  <Hit_num>10</Hit_num>
  <Hit_id>gi|475560417|gb|EMT13557.1|</Hit_id>
  <Hit_def>hypothetical protein F775_14466 [Aegilops tauschii]</Hit_def>
  <Hit_accession>EMT13557</Hit_accession>
  <Hit_len>127</Hit_len>
  <Hit_hsps>
    <Hsp>
      <Hsp_num>1</Hsp_num>
      <Hsp_bit-score>28.4906</Hsp_bit-score>
      <Hsp_score>62</Hsp_score>
      <Hsp_evalue>8.48018</Hsp_evalue>
      <Hsp_query-from>2</Hsp_query-from>
      <Hsp_query-to>61</Hsp_query-to>
      <Hsp_hit-from>34</Hsp_hit-from>
      <Hsp_hit-to>52</Hsp_hit-to>
      <Hsp_query-frame>2</Hsp_query-frame>
      <Hsp_hit-frame>0</Hsp_hit-frame>
      <Hsp_identity>13</Hsp_identity>
      <Hsp_positive>17</Hsp_positive>
      <Hsp_gaps>1</Hsp_gaps>
      <Hsp_align-len>20</Hsp_align-len>
      <Hsp_qseq>QEDDLQLIDGAMEYHDLVTP</Hsp_qseq>
      <Hsp_hseq>EEDDLQLIDGAIDC-ELTTP</Hsp_hseq>
      <Hsp_midline>+EDDLQLIDGA++  +L TP</Hsp_midline>
    </Hsp>
    <Hsp>
      <Hsp_num>2</Hsp_num>
      <Hsp_bit-score>25.7942</Hsp_bit-score>
      <Hsp_score>55</Hsp_score>
      <Hsp_evalue>8.48018</Hsp_evalue>
      <Hsp_query-from>60</Hsp_query-from>
      <Hsp_query-to>98</Hsp_query-to>
      <Hsp_hit-from>52</Hsp_hit-from>
      <Hsp_hit-to>64</Hsp_hit-to>
      <Hsp_query-frame>3</Hsp_query-frame>
      <Hsp_hit-frame>0</Hsp_hit-frame>
      <Hsp_identity>9</Hsp_identity>
      <Hsp_positive>10</Hsp_positive>
      <Hsp_gaps>0</Hsp_gaps>
      <Hsp_align-len>13</Hsp_align-len>
      <Hsp_qseq>PEYPFTHRINGDC</Hsp_qseq>
      <Hsp_hseq>PSRPSTNRINGDC</Hsp_hseq>
      <Hsp_midline>P  P T+RINGDC</Hsp_midline>
    </Hsp>
  </Hit_hsps>
</Hit>
</Iteration_hits>
  <Iteration_stat>
    <Statistics>
      <Statistics_db-num>35203249</Statistics_db-num>
      <Statistics_db-len>12388037842</Statistics_db-len>
      <Statistics_hsp-len>0</Statistics_hsp-len>
      <Statistics_eff-space>0</Statistics_eff-space>
      <Statistics_kappa>0.041</Statistics_kappa>
      <Statistics_lambda>0.267</Statistics_lambda>
      <Statistics_entropy>0.14</Statistics_entropy>
    </Statistics>
  </Iteration_stat>
</Iteration>
</BlastOutput_iterations>
</BlastOutput>

