<?xml version="1.0"?>
<!DOCTYPE BlastOutput PUBLIC "-//NCBI//NCBI BlastOutput/EN" "http://www.ncbi.nlm.nih.gov/dtd/NCBI_BlastOutput.dtd">
<BlastOutput>
  <BlastOutput_program>blastx</BlastOutput_program>
  <BlastOutput_version>BLASTX 2.2.29+</BlastOutput_version>
  <BlastOutput_reference>Stephen F. Altschul, Thomas L. Madden, Alejandro A. Sch&amp;auml;ffer, Jinghui Zhang, Zheng Zhang, Webb Miller, and David J. Lipman (1997), &quot;Gapped BLAST and PSI-BLAST: a new generation of protein database search programs&quot;, Nucleic Acids Res. 25:3389-3402.</BlastOutput_reference>
  <BlastOutput_db>nr</BlastOutput_db>
  <BlastOutput_query-ID>204913</BlastOutput_query-ID>
  <BlastOutput_query-def>No definition line</BlastOutput_query-def>
  <BlastOutput_query-len>201</BlastOutput_query-len>
  <BlastOutput_param>
    <Parameters>
      <Parameters_matrix>BLOSUM62</Parameters_matrix>
      <Parameters_expect>10</Parameters_expect>
      <Parameters_gap-open>11</Parameters_gap-open>
      <Parameters_gap-extend>1</Parameters_gap-extend>
      <Parameters_filter>F</Parameters_filter>
    </Parameters>
  </BlastOutput_param>
<BlastOutput_iterations>
<Iteration>
  <Iteration_iter-num>1</Iteration_iter-num>
  <Iteration_query-ID>204913</Iteration_query-ID>
  <Iteration_query-def>No definition line</Iteration_query-def>
  <Iteration_query-len>201</Iteration_query-len>
<Iteration_hits>
<Hit>
  <Hit_num>1</Hit_num>
  <Hit_id>gi|475595914|gb|EMT23210.1|</Hit_id>
  <Hit_def>Obtusifoliol 14-alpha demethylase [Aegilops tauschii]</Hit_def>
  <Hit_accession>EMT23210</Hit_accession>
  <Hit_len>463</Hit_len>
  <Hit_hsps>
    <Hsp>
      <Hsp_num>1</Hsp_num>
      <Hsp_bit-score>50.447</Hsp_bit-score>
      <Hsp_score>119</Hsp_score>
      <Hsp_evalue>1.73435e-05</Hsp_evalue>
      <Hsp_query-from>100</Hsp_query-from>
      <Hsp_query-to>183</Hsp_query-to>
      <Hsp_hit-from>436</Hsp_hit-from>
      <Hsp_hit-to>463</Hsp_hit-to>
      <Hsp_query-frame>-1</Hsp_query-frame>
      <Hsp_hit-frame>0</Hsp_hit-frame>
      <Hsp_identity>21</Hsp_identity>
      <Hsp_positive>24</Hsp_positive>
      <Hsp_gaps>0</Hsp_gaps>
      <Hsp_align-len>28</Hsp_align-len>
      <Hsp_qseq>WLLLPPFLNISLCRDFTMNHIRMYIDAF</Hsp_qseq>
      <Hsp_hseq>WYLLPQFLNVSLFRDFTINYIRMYIDIF</Hsp_hseq>
      <Hsp_midline>W LLP FLN+SL RDFT+N+IRMYID F</Hsp_midline>
    </Hsp>
  </Hit_hsps>
</Hit>
<Hit>
  <Hit_num>2</Hit_num>
  <Hit_id>gi|475560995|gb|EMT13688.1|</Hit_id>
  <Hit_def>Putative receptor-like protein kinase [Aegilops tauschii]</Hit_def>
  <Hit_accession>EMT13688</Hit_accession>
  <Hit_len>698</Hit_len>
  <Hit_hsps>
    <Hsp>
      <Hsp_num>1</Hsp_num>
      <Hsp_bit-score>33.113</Hsp_bit-score>
      <Hsp_score>74</Hsp_score>
      <Hsp_evalue>0.278417</Hsp_evalue>
      <Hsp_query-from>7</Hsp_query-from>
      <Hsp_query-to>54</Hsp_query-to>
      <Hsp_hit-from>665</Hsp_hit-from>
      <Hsp_hit-to>680</Hsp_hit-to>
      <Hsp_query-frame>1</Hsp_query-frame>
      <Hsp_hit-frame>0</Hsp_hit-frame>
      <Hsp_identity>13</Hsp_identity>
      <Hsp_positive>14</Hsp_positive>
      <Hsp_gaps>0</Hsp_gaps>
      <Hsp_align-len>16</Hsp_align-len>
      <Hsp_qseq>YRILPPFLNISLCRDF</Hsp_qseq>
      <Hsp_hseq>YRVLPPFLNISPFRDF</Hsp_hseq>
      <Hsp_midline>YR+LPPFLNIS  RDF</Hsp_midline>
    </Hsp>
    <Hsp>
      <Hsp_num>2</Hsp_num>
      <Hsp_bit-score>26.1794</Hsp_bit-score>
      <Hsp_score>56</Hsp_score>
      <Hsp_evalue>0.278417</Hsp_evalue>
      <Hsp_query-from>60</Hsp_query-from>
      <Hsp_query-to>110</Hsp_query-to>
      <Hsp_hit-from>682</Hsp_hit-from>
      <Hsp_hit-to>698</Hsp_hit-to>
      <Hsp_query-frame>3</Hsp_query-frame>
      <Hsp_hit-frame>0</Hsp_hit-frame>
      <Hsp_identity>11</Hsp_identity>
      <Hsp_positive>14</Hsp_positive>
      <Hsp_gaps>0</Hsp_gaps>
      <Hsp_align-len>17</Hsp_align-len>
      <Hsp_qseq>MDYIRSKMNESTLKMHL</Hsp_qseq>
      <Hsp_hseq>MDYIRSKIDESHSKIRL</Hsp_hseq>
      <Hsp_midline>MDYIRSK++ES  K+ L</Hsp_midline>
    </Hsp>
    <Hsp>
      <Hsp_num>3</Hsp_num>
      <Hsp_bit-score>37.3502</Hsp_bit-score>
      <Hsp_score>85</Hsp_score>
      <Hsp_evalue>0.411019</Hsp_evalue>
      <Hsp_query-from>106</Hsp_query-from>
      <Hsp_query-to>177</Hsp_query-to>
      <Hsp_hit-from>667</Hsp_hit-from>
      <Hsp_hit-to>690</Hsp_hit-to>
      <Hsp_query-frame>-1</Hsp_query-frame>
      <Hsp_hit-frame>0</Hsp_hit-frame>
      <Hsp_identity>16</Hsp_identity>
      <Hsp_positive>19</Hsp_positive>
      <Hsp_gaps>0</Hsp_gaps>
      <Hsp_align-len>24</Hsp_align-len>
      <Hsp_qseq>LLPPFLNISLCRDFTMNHIRMYID</Hsp_qseq>
      <Hsp_hseq>VLPPFLNISPFRDFDMDYIRSKID</Hsp_hseq>
      <Hsp_midline>+LPPFLNIS  RDF M++IR  ID</Hsp_midline>
    </Hsp>
  </Hit_hsps>
</Hit>
</Iteration_hits>
  <Iteration_stat>
    <Statistics>
      <Statistics_db-num>35203249</Statistics_db-num>
      <Statistics_db-len>12388037842</Statistics_db-len>
      <Statistics_hsp-len>0</Statistics_hsp-len>
      <Statistics_eff-space>0</Statistics_eff-space>
      <Statistics_kappa>0.041</Statistics_kappa>
      <Statistics_lambda>0.267</Statistics_lambda>
      <Statistics_entropy>0.14</Statistics_entropy>
    </Statistics>
  </Iteration_stat>
</Iteration>
</BlastOutput_iterations>
</BlastOutput>

