<?xml version="1.0"?>
<!DOCTYPE BlastOutput PUBLIC "-//NCBI//NCBI BlastOutput/EN" "http://www.ncbi.nlm.nih.gov/dtd/NCBI_BlastOutput.dtd">
<BlastOutput>
  <BlastOutput_program>blastx</BlastOutput_program>
  <BlastOutput_version>BLASTX 2.2.29+</BlastOutput_version>
  <BlastOutput_reference>Stephen F. Altschul, Thomas L. Madden, Alejandro A. Sch&amp;auml;ffer, Jinghui Zhang, Zheng Zhang, Webb Miller, and David J. Lipman (1997), &quot;Gapped BLAST and PSI-BLAST: a new generation of protein database search programs&quot;, Nucleic Acids Res. 25:3389-3402.</BlastOutput_reference>
  <BlastOutput_db>nr</BlastOutput_db>
  <BlastOutput_query-ID>53473</BlastOutput_query-ID>
  <BlastOutput_query-def>No definition line</BlastOutput_query-def>
  <BlastOutput_query-len>88</BlastOutput_query-len>
  <BlastOutput_param>
    <Parameters>
      <Parameters_matrix>BLOSUM62</Parameters_matrix>
      <Parameters_expect>10</Parameters_expect>
      <Parameters_gap-open>11</Parameters_gap-open>
      <Parameters_gap-extend>1</Parameters_gap-extend>
      <Parameters_filter>F</Parameters_filter>
    </Parameters>
  </BlastOutput_param>
<BlastOutput_iterations>
<Iteration>
  <Iteration_iter-num>1</Iteration_iter-num>
  <Iteration_query-ID>53473</Iteration_query-ID>
  <Iteration_query-def>No definition line</Iteration_query-def>
  <Iteration_query-len>88</Iteration_query-len>
<Iteration_hits>
<Hit>
  <Hit_num>1</Hit_num>
  <Hit_id>gi|475563547|gb|EMT14300.1|</Hit_id>
  <Hit_def>Putative NADH-ubiquinone oxidoreductase C3A11.07, mitochondrial [Aegilops tauschii]</Hit_def>
  <Hit_accession>EMT14300</Hit_accession>
  <Hit_len>649</Hit_len>
  <Hit_hsps>
    <Hsp>
      <Hsp_num>1</Hsp_num>
      <Hsp_bit-score>68.9366</Hsp_bit-score>
      <Hsp_score>167</Hsp_score>
      <Hsp_evalue>1.85745e-12</Hsp_evalue>
      <Hsp_query-from>1</Hsp_query-from>
      <Hsp_query-to>87</Hsp_query-to>
      <Hsp_hit-from>429</Hsp_hit-from>
      <Hsp_hit-to>457</Hsp_hit-to>
      <Hsp_query-frame>1</Hsp_query-frame>
      <Hsp_hit-frame>0</Hsp_hit-frame>
      <Hsp_identity>29</Hsp_identity>
      <Hsp_positive>29</Hsp_positive>
      <Hsp_gaps>0</Hsp_gaps>
      <Hsp_align-len>29</Hsp_align-len>
      <Hsp_qseq>VITDFMNQVGQGKRRALATNEWLRVPECD</Hsp_qseq>
      <Hsp_hseq>VITDFMNQVGQGKRRALATNEWLRVPECD</Hsp_hseq>
      <Hsp_midline>VITDFMNQVGQGKRRALATNEWLRVPECD</Hsp_midline>
    </Hsp>
  </Hit_hsps>
</Hit>
<Hit>
  <Hit_num>2</Hit_num>
  <Hit_id>gi|473827343|gb|EMS47178.1|</Hit_id>
  <Hit_def>putative NADH-ubiquinone oxidoreductase C3A11.07, mitochondrial [Triticum urartu]</Hit_def>
  <Hit_accession>EMS47178</Hit_accession>
  <Hit_len>565</Hit_len>
  <Hit_hsps>
    <Hsp>
      <Hsp_num>1</Hsp_num>
      <Hsp_bit-score>67.0106</Hsp_bit-score>
      <Hsp_score>162</Hsp_score>
      <Hsp_evalue>8.10431e-12</Hsp_evalue>
      <Hsp_query-from>1</Hsp_query-from>
      <Hsp_query-to>87</Hsp_query-to>
      <Hsp_hit-from>340</Hsp_hit-from>
      <Hsp_hit-to>368</Hsp_hit-to>
      <Hsp_query-frame>1</Hsp_query-frame>
      <Hsp_hit-frame>0</Hsp_hit-frame>
      <Hsp_identity>28</Hsp_identity>
      <Hsp_positive>29</Hsp_positive>
      <Hsp_gaps>0</Hsp_gaps>
      <Hsp_align-len>29</Hsp_align-len>
      <Hsp_qseq>VITDFMNQVGQGKRRALATNEWLRVPECD</Hsp_qseq>
      <Hsp_hseq>VITDFMSQVGQGKRRALATNEWLRVPECD</Hsp_hseq>
      <Hsp_midline>VITDFM+QVGQGKRRALATNEWLRVPECD</Hsp_midline>
    </Hsp>
  </Hit_hsps>
</Hit>
<Hit>
  <Hit_num>3</Hit_num>
  <Hit_id>gi|557549990|gb|ESR60619.1|</Hit_id>
  <Hit_def>hypothetical protein CICLE_v10014668mg [Citrus clementina] &gt;gi|557549991|gb|ESR60620.1| hypothetical protein CICLE_v10014668mg [Citrus clementina]</Hit_def>
  <Hit_accession>ESR60619</Hit_accession>
  <Hit_len>599</Hit_len>
  <Hit_hsps>
    <Hsp>
      <Hsp_num>1</Hsp_num>
      <Hsp_bit-score>53.9138</Hsp_bit-score>
      <Hsp_score>128</Hsp_score>
      <Hsp_evalue>3.32366e-07</Hsp_evalue>
      <Hsp_query-from>4</Hsp_query-from>
      <Hsp_query-to>87</Hsp_query-to>
      <Hsp_hit-from>358</Hsp_hit-from>
      <Hsp_hit-to>385</Hsp_hit-to>
      <Hsp_query-frame>1</Hsp_query-frame>
      <Hsp_hit-frame>0</Hsp_hit-frame>
      <Hsp_identity>22</Hsp_identity>
      <Hsp_positive>24</Hsp_positive>
      <Hsp_gaps>0</Hsp_gaps>
      <Hsp_align-len>28</Hsp_align-len>
      <Hsp_qseq>ITDFMNQVGQGKRRALATNEWLRVPECD</Hsp_qseq>
      <Hsp_hseq>IKDFMEQIGQGKRRVLATNEWLRVKECE</Hsp_hseq>
      <Hsp_midline>I DFM Q+GQGKRR LATNEWLRV EC+</Hsp_midline>
    </Hsp>
  </Hit_hsps>
</Hit>
<Hit>
  <Hit_num>4</Hit_num>
  <Hit_id>gi|357123480|ref|XP_003563438.1|</Hit_id>
  <Hit_def>PREDICTED: external NADH-ubiquinone oxidoreductase 1, mitochondrial-like [Brachypodium distachyon]</Hit_def>
  <Hit_accession>XP_003563438</Hit_accession>
  <Hit_len>589</Hit_len>
  <Hit_hsps>
    <Hsp>
      <Hsp_num>1</Hsp_num>
      <Hsp_bit-score>52.7582</Hsp_bit-score>
      <Hsp_score>125</Hsp_score>
      <Hsp_evalue>6.59539e-07</Hsp_evalue>
      <Hsp_query-from>1</Hsp_query-from>
      <Hsp_query-to>87</Hsp_query-to>
      <Hsp_hit-from>342</Hsp_hit-from>
      <Hsp_hit-to>370</Hsp_hit-to>
      <Hsp_query-frame>1</Hsp_query-frame>
      <Hsp_hit-frame>0</Hsp_hit-frame>
      <Hsp_identity>21</Hsp_identity>
      <Hsp_positive>24</Hsp_positive>
      <Hsp_gaps>0</Hsp_gaps>
      <Hsp_align-len>29</Hsp_align-len>
      <Hsp_qseq>VITDFMNQVGQGKRRALATNEWLRVPECD</Hsp_qseq>
      <Hsp_hseq>VTVDFMHQIGQAKRRSLETNEWLRVRECD</Hsp_hseq>
      <Hsp_midline>V  DFM+Q+GQ KRR+L TNEWLRV ECD</Hsp_midline>
    </Hsp>
  </Hit_hsps>
</Hit>
<Hit>
  <Hit_num>5</Hit_num>
  <Hit_id>gi|514767520|ref|XP_004966264.1|</Hit_id>
  <Hit_def>PREDICTED: NAD(P)H dehydrogenase B1, mitochondrial-like isoform X1 [Setaria italica] &gt;gi|514767524|ref|XP_004966265.1| PREDICTED: NAD(P)H dehydrogenase B1, mitochondrial-like isoform X2 [Setaria italica]</Hit_def>
  <Hit_accession>XP_004966264</Hit_accession>
  <Hit_len>583</Hit_len>
  <Hit_hsps>
    <Hsp>
      <Hsp_num>1</Hsp_num>
      <Hsp_bit-score>52.7582</Hsp_bit-score>
      <Hsp_score>125</Hsp_score>
      <Hsp_evalue>6.7501e-07</Hsp_evalue>
      <Hsp_query-from>1</Hsp_query-from>
      <Hsp_query-to>87</Hsp_query-to>
      <Hsp_hit-from>337</Hsp_hit-from>
      <Hsp_hit-to>365</Hsp_hit-to>
      <Hsp_query-frame>1</Hsp_query-frame>
      <Hsp_hit-frame>0</Hsp_hit-frame>
      <Hsp_identity>22</Hsp_identity>
      <Hsp_positive>24</Hsp_positive>
      <Hsp_gaps>0</Hsp_gaps>
      <Hsp_align-len>29</Hsp_align-len>
      <Hsp_qseq>VITDFMNQVGQGKRRALATNEWLRVPECD</Hsp_qseq>
      <Hsp_hseq>VIMDFMQQIGQTNRRALATNEWLRVRECE</Hsp_hseq>
      <Hsp_midline>VI DFM Q+GQ  RRALATNEWLRV EC+</Hsp_midline>
    </Hsp>
  </Hit_hsps>
</Hit>
<Hit>
  <Hit_num>6</Hit_num>
  <Hit_id>gi|115469590|ref|NP_001058394.1|</Hit_id>
  <Hit_def>Os06g0684000 [Oryza sativa Japonica Group] &gt;gi|52076656|dbj|BAD45556.1| putative external rotenone-insensitive NADPH dehydrogenase [Oryza sativa Japonica Group] &gt;gi|113596434|dbj|BAF20308.1| Os06g0684000 [Oryza sativa Japonica Group] &gt;gi|218198773|gb|EEC81200.1| hypothetical protein OsI_24219 [Oryza sativa Indica Group] &gt;gi|222636105|gb|EEE66237.1| hypothetical protein OsJ_22405 [Oryza sativa Japonica Group]</Hit_def>
  <Hit_accession>NP_001058394</Hit_accession>
  <Hit_len>588</Hit_len>
  <Hit_hsps>
    <Hsp>
      <Hsp_num>1</Hsp_num>
      <Hsp_bit-score>52.7582</Hsp_bit-score>
      <Hsp_score>125</Hsp_score>
      <Hsp_evalue>8.14702e-07</Hsp_evalue>
      <Hsp_query-from>1</Hsp_query-from>
      <Hsp_query-to>87</Hsp_query-to>
      <Hsp_hit-from>341</Hsp_hit-from>
      <Hsp_hit-to>369</Hsp_hit-to>
      <Hsp_query-frame>1</Hsp_query-frame>
      <Hsp_hit-frame>0</Hsp_hit-frame>
      <Hsp_identity>22</Hsp_identity>
      <Hsp_positive>23</Hsp_positive>
      <Hsp_gaps>0</Hsp_gaps>
      <Hsp_align-len>29</Hsp_align-len>
      <Hsp_qseq>VITDFMNQVGQGKRRALATNEWLRVPECD</Hsp_qseq>
      <Hsp_hseq>VIMDFMQQIGQTNRRVLATNEWLRVHECD</Hsp_hseq>
      <Hsp_midline>VI DFM Q+GQ  RR LATNEWLRV ECD</Hsp_midline>
    </Hsp>
  </Hit_hsps>
</Hit>
<Hit>
  <Hit_num>7</Hit_num>
  <Hit_id>gi|242096782|ref|XP_002438881.1|</Hit_id>
  <Hit_def>hypothetical protein SORBIDRAFT_10g027690 [Sorghum bicolor] &gt;gi|241917104|gb|EER90248.1| hypothetical protein SORBIDRAFT_10g027690 [Sorghum bicolor]</Hit_def>
  <Hit_accession>XP_002438881</Hit_accession>
  <Hit_len>584</Hit_len>
  <Hit_hsps>
    <Hsp>
      <Hsp_num>1</Hsp_num>
      <Hsp_bit-score>52.7582</Hsp_bit-score>
      <Hsp_score>125</Hsp_score>
      <Hsp_evalue>8.2742e-07</Hsp_evalue>
      <Hsp_query-from>1</Hsp_query-from>
      <Hsp_query-to>87</Hsp_query-to>
      <Hsp_hit-from>338</Hsp_hit-from>
      <Hsp_hit-to>366</Hsp_hit-to>
      <Hsp_query-frame>1</Hsp_query-frame>
      <Hsp_hit-frame>0</Hsp_hit-frame>
      <Hsp_identity>22</Hsp_identity>
      <Hsp_positive>24</Hsp_positive>
      <Hsp_gaps>0</Hsp_gaps>
      <Hsp_align-len>29</Hsp_align-len>
      <Hsp_qseq>VITDFMNQVGQGKRRALATNEWLRVPECD</Hsp_qseq>
      <Hsp_hseq>VIMDFMQQIGQTNRRALATNEWLRVRECE</Hsp_hseq>
      <Hsp_midline>VI DFM Q+GQ  RRALATNEWLRV EC+</Hsp_midline>
    </Hsp>
  </Hit_hsps>
</Hit>
<Hit>
  <Hit_num>8</Hit_num>
  <Hit_id>gi|565458590|ref|XP_006287294.1|</Hit_id>
  <Hit_def>hypothetical protein CARUB_v10000488mg, partial [Capsella rubella] &gt;gi|482556000|gb|EOA20192.1| hypothetical protein CARUB_v10000488mg, partial [Capsella rubella]</Hit_def>
  <Hit_accession>XP_006287294</Hit_accession>
  <Hit_len>614</Hit_len>
  <Hit_hsps>
    <Hsp>
      <Hsp_num>1</Hsp_num>
      <Hsp_bit-score>52.373</Hsp_bit-score>
      <Hsp_score>124</Hsp_score>
      <Hsp_evalue>8.74982e-07</Hsp_evalue>
      <Hsp_query-from>1</Hsp_query-from>
      <Hsp_query-to>87</Hsp_query-to>
      <Hsp_hit-from>368</Hsp_hit-from>
      <Hsp_hit-to>396</Hsp_hit-to>
      <Hsp_query-frame>1</Hsp_query-frame>
      <Hsp_hit-frame>0</Hsp_hit-frame>
      <Hsp_identity>22</Hsp_identity>
      <Hsp_positive>24</Hsp_positive>
      <Hsp_gaps>0</Hsp_gaps>
      <Hsp_align-len>29</Hsp_align-len>
      <Hsp_qseq>VITDFMNQVGQGKRRALATNEWLRVPECD</Hsp_qseq>
      <Hsp_hseq>VIKDFMKQIGQGNRRALATDEWLRVEGCD</Hsp_hseq>
      <Hsp_midline>VI DFM Q+GQG RRALAT+EWLRV  CD</Hsp_midline>
    </Hsp>
  </Hit_hsps>
</Hit>
<Hit>
  <Hit_num>9</Hit_num>
  <Hit_id>gi|240256027|ref|NP_193880.5|</Hit_id>
  <Hit_def>NAD(P)H dehydrogenase B3 [Arabidopsis thaliana] &gt;gi|408407680|sp|F4JJJ3.1|NDB3_ARATH RecName: Full=External alternative NAD(P)H-ubiquinone oxidoreductase B3, mitochondrial; AltName: Full=External alternative NADH dehydrogenase NDB3; AltName: Full=NADH:ubiquinone reductase (non-electrogenic) NDB3; Flags: Precursor &gt;gi|332659059|gb|AEE84459.1| NAD(P)H dehydrogenase B3 [Arabidopsis thaliana]</Hit_def>
  <Hit_accession>NP_193880</Hit_accession>
  <Hit_len>580</Hit_len>
  <Hit_hsps>
    <Hsp>
      <Hsp_num>1</Hsp_num>
      <Hsp_bit-score>52.373</Hsp_bit-score>
      <Hsp_score>124</Hsp_score>
      <Hsp_evalue>9.61807e-07</Hsp_evalue>
      <Hsp_query-from>1</Hsp_query-from>
      <Hsp_query-to>87</Hsp_query-to>
      <Hsp_hit-from>334</Hsp_hit-from>
      <Hsp_hit-to>362</Hsp_hit-to>
      <Hsp_query-frame>1</Hsp_query-frame>
      <Hsp_hit-frame>0</Hsp_hit-frame>
      <Hsp_identity>22</Hsp_identity>
      <Hsp_positive>24</Hsp_positive>
      <Hsp_gaps>0</Hsp_gaps>
      <Hsp_align-len>29</Hsp_align-len>
      <Hsp_qseq>VITDFMNQVGQGKRRALATNEWLRVPECD</Hsp_qseq>
      <Hsp_hseq>VIKDFMKQIGQGNRRALATDEWLRVEGCD</Hsp_hseq>
      <Hsp_midline>VI DFM Q+GQG RRALAT+EWLRV  CD</Hsp_midline>
    </Hsp>
  </Hit_hsps>
</Hit>
<Hit>
  <Hit_num>10</Hit_num>
  <Hit_id>gi|312281875|dbj|BAJ33803.1|</Hit_id>
  <Hit_def>unnamed protein product [Thellungiella halophila] &gt;gi|557114944|gb|ESQ55227.1| hypothetical protein EUTSA_v10024771mg [Eutrema salsugineum]</Hit_def>
  <Hit_accession>BAJ33803</Hit_accession>
  <Hit_len>578</Hit_len>
  <Hit_hsps>
    <Hsp>
      <Hsp_num>1</Hsp_num>
      <Hsp_bit-score>51.9878</Hsp_bit-score>
      <Hsp_score>123</Hsp_score>
      <Hsp_evalue>1.19841e-06</Hsp_evalue>
      <Hsp_query-from>1</Hsp_query-from>
      <Hsp_query-to>87</Hsp_query-to>
      <Hsp_hit-from>332</Hsp_hit-from>
      <Hsp_hit-to>360</Hsp_hit-to>
      <Hsp_query-frame>1</Hsp_query-frame>
      <Hsp_hit-frame>0</Hsp_hit-frame>
      <Hsp_identity>22</Hsp_identity>
      <Hsp_positive>24</Hsp_positive>
      <Hsp_gaps>0</Hsp_gaps>
      <Hsp_align-len>29</Hsp_align-len>
      <Hsp_qseq>VITDFMNQVGQGKRRALATNEWLRVPECD</Hsp_qseq>
      <Hsp_hseq>VIKDFMKQIGQGNRRALATDEWLRVEGCD</Hsp_hseq>
      <Hsp_midline>VI DFM Q+GQG RRALAT+EWLRV  CD</Hsp_midline>
    </Hsp>
  </Hit_hsps>
</Hit>
<Hit>
  <Hit_num>11</Hit_num>
  <Hit_id>gi|15225428|ref|NP_179673.1|</Hit_id>
  <Hit_def>NAD(P)H dehydrogenase B4 [Arabidopsis thaliana] &gt;gi|75206552|sp|Q9SKT7.1|NDB4_ARATH RecName: Full=External alternative NAD(P)H-ubiquinone oxidoreductase B4, mitochondrial; AltName: Full=External alternative NADH dehydrogenase NDB4; AltName: Full=NADH:ubiquinone reductase (non-electrogenic) NDB4; Flags: Precursor &gt;gi|4454468|gb|AAD20915.1| putative NADH-ubiquinone oxireductase [Arabidopsis thaliana] &gt;gi|91806220|gb|ABE65838.1| pyridine nucleotide-disulphide oxidoreductase family protein [Arabidopsis thaliana] &gt;gi|330251980|gb|AEC07074.1| NAD(P)H dehydrogenase B4 [Arabidopsis thaliana]</Hit_def>
  <Hit_accession>NP_179673</Hit_accession>
  <Hit_len>582</Hit_len>
  <Hit_hsps>
    <Hsp>
      <Hsp_num>1</Hsp_num>
      <Hsp_bit-score>51.9878</Hsp_bit-score>
      <Hsp_score>123</Hsp_score>
      <Hsp_evalue>1.25033e-06</Hsp_evalue>
      <Hsp_query-from>1</Hsp_query-from>
      <Hsp_query-to>87</Hsp_query-to>
      <Hsp_hit-from>341</Hsp_hit-from>
      <Hsp_hit-to>369</Hsp_hit-to>
      <Hsp_query-frame>1</Hsp_query-frame>
      <Hsp_hit-frame>0</Hsp_hit-frame>
      <Hsp_identity>21</Hsp_identity>
      <Hsp_positive>24</Hsp_positive>
      <Hsp_gaps>0</Hsp_gaps>
      <Hsp_align-len>29</Hsp_align-len>
      <Hsp_qseq>VITDFMNQVGQGKRRALATNEWLRVPECD</Hsp_qseq>
      <Hsp_hseq>VIKDFMQQIGQGQRRVLATDEWLRVEGCD</Hsp_hseq>
      <Hsp_midline>VI DFM Q+GQG+RR LAT+EWLRV  CD</Hsp_midline>
    </Hsp>
  </Hit_hsps>
</Hit>
<Hit>
  <Hit_num>12</Hit_num>
  <Hit_id>gi|297799920|ref|XP_002867844.1|</Hit_id>
  <Hit_def>pyridine nucleotide-disulfide oxidoreductase family protein [Arabidopsis lyrata subsp. lyrata] &gt;gi|297313680|gb|EFH44103.1| pyridine nucleotide-disulfide oxidoreductase family protein [Arabidopsis lyrata subsp. lyrata]</Hit_def>
  <Hit_accession>XP_002867844</Hit_accession>
  <Hit_len>549</Hit_len>
  <Hit_hsps>
    <Hsp>
      <Hsp_num>1</Hsp_num>
      <Hsp_bit-score>51.9878</Hsp_bit-score>
      <Hsp_score>123</Hsp_score>
      <Hsp_evalue>1.43836e-06</Hsp_evalue>
      <Hsp_query-from>1</Hsp_query-from>
      <Hsp_query-to>87</Hsp_query-to>
      <Hsp_hit-from>303</Hsp_hit-from>
      <Hsp_hit-to>331</Hsp_hit-to>
      <Hsp_query-frame>1</Hsp_query-frame>
      <Hsp_hit-frame>0</Hsp_hit-frame>
      <Hsp_identity>22</Hsp_identity>
      <Hsp_positive>24</Hsp_positive>
      <Hsp_gaps>0</Hsp_gaps>
      <Hsp_align-len>29</Hsp_align-len>
      <Hsp_qseq>VITDFMNQVGQGKRRALATNEWLRVPECD</Hsp_qseq>
      <Hsp_hseq>VIKDFMKQIGQGNRRALATDEWLRVEGCD</Hsp_hseq>
      <Hsp_midline>VI DFM Q+GQG RRALAT+EWLRV  CD</Hsp_midline>
    </Hsp>
  </Hit_hsps>
</Hit>
<Hit>
  <Hit_num>13</Hit_num>
  <Hit_id>gi|413943310|gb|AFW75959.1|</Hit_id>
  <Hit_def>hypothetical protein ZEAMMB73_563877 [Zea mays]</Hit_def>
  <Hit_accession>AFW75959</Hit_accession>
  <Hit_len>577</Hit_len>
  <Hit_hsps>
    <Hsp>
      <Hsp_num>1</Hsp_num>
      <Hsp_bit-score>51.6026</Hsp_bit-score>
      <Hsp_score>122</Hsp_score>
      <Hsp_evalue>1.64591e-06</Hsp_evalue>
      <Hsp_query-from>1</Hsp_query-from>
      <Hsp_query-to>87</Hsp_query-to>
      <Hsp_hit-from>331</Hsp_hit-from>
      <Hsp_hit-to>359</Hsp_hit-to>
      <Hsp_query-frame>1</Hsp_query-frame>
      <Hsp_hit-frame>0</Hsp_hit-frame>
      <Hsp_identity>21</Hsp_identity>
      <Hsp_positive>24</Hsp_positive>
      <Hsp_gaps>0</Hsp_gaps>
      <Hsp_align-len>29</Hsp_align-len>
      <Hsp_qseq>VITDFMNQVGQGKRRALATNEWLRVPECD</Hsp_qseq>
      <Hsp_hseq>VVMDFMQQIGQTNRRALATNEWLRVRECE</Hsp_hseq>
      <Hsp_midline>V+ DFM Q+GQ  RRALATNEWLRV EC+</Hsp_midline>
    </Hsp>
  </Hit_hsps>
</Hit>
<Hit>
  <Hit_num>14</Hit_num>
  <Hit_id>gi|565479324|ref|XP_006297302.1|</Hit_id>
  <Hit_def>hypothetical protein CARUB_v10013317mg [Capsella rubella] &gt;gi|482566011|gb|EOA30200.1| hypothetical protein CARUB_v10013317mg [Capsella rubella]</Hit_def>
  <Hit_accession>XP_006297302</Hit_accession>
  <Hit_len>581</Hit_len>
  <Hit_hsps>
    <Hsp>
      <Hsp_num>1</Hsp_num>
      <Hsp_bit-score>51.6026</Hsp_bit-score>
      <Hsp_score>122</Hsp_score>
      <Hsp_evalue>1.65217e-06</Hsp_evalue>
      <Hsp_query-from>1</Hsp_query-from>
      <Hsp_query-to>87</Hsp_query-to>
      <Hsp_hit-from>340</Hsp_hit-from>
      <Hsp_hit-to>368</Hsp_hit-to>
      <Hsp_query-frame>1</Hsp_query-frame>
      <Hsp_hit-frame>0</Hsp_hit-frame>
      <Hsp_identity>21</Hsp_identity>
      <Hsp_positive>24</Hsp_positive>
      <Hsp_gaps>0</Hsp_gaps>
      <Hsp_align-len>29</Hsp_align-len>
      <Hsp_qseq>VITDFMNQVGQGKRRALATNEWLRVPECD</Hsp_qseq>
      <Hsp_hseq>VIRDFMQQIGQGQRRVLATDEWLRVEGCD</Hsp_hseq>
      <Hsp_midline>VI DFM Q+GQG+RR LAT+EWLRV  CD</Hsp_midline>
    </Hsp>
  </Hit_hsps>
</Hit>
<Hit>
  <Hit_num>15</Hit_num>
  <Hit_id>gi|413943311|gb|AFW75960.1|</Hit_id>
  <Hit_def>hypothetical protein ZEAMMB73_563877 [Zea mays]</Hit_def>
  <Hit_accession>AFW75960</Hit_accession>
  <Hit_len>584</Hit_len>
  <Hit_hsps>
    <Hsp>
      <Hsp_num>1</Hsp_num>
      <Hsp_bit-score>51.6026</Hsp_bit-score>
      <Hsp_score>122</Hsp_score>
      <Hsp_evalue>1.70542e-06</Hsp_evalue>
      <Hsp_query-from>1</Hsp_query-from>
      <Hsp_query-to>87</Hsp_query-to>
      <Hsp_hit-from>338</Hsp_hit-from>
      <Hsp_hit-to>366</Hsp_hit-to>
      <Hsp_query-frame>1</Hsp_query-frame>
      <Hsp_hit-frame>0</Hsp_hit-frame>
      <Hsp_identity>21</Hsp_identity>
      <Hsp_positive>24</Hsp_positive>
      <Hsp_gaps>0</Hsp_gaps>
      <Hsp_align-len>29</Hsp_align-len>
      <Hsp_qseq>VITDFMNQVGQGKRRALATNEWLRVPECD</Hsp_qseq>
      <Hsp_hseq>VVMDFMQQIGQTNRRALATNEWLRVRECE</Hsp_hseq>
      <Hsp_midline>V+ DFM Q+GQ  RRALATNEWLRV EC+</Hsp_midline>
    </Hsp>
  </Hit_hsps>
</Hit>
<Hit>
  <Hit_num>16</Hit_num>
  <Hit_id>gi|565448484|ref|XP_006285107.1|</Hit_id>
  <Hit_def>hypothetical protein CARUB_v10006440mg [Capsella rubella] &gt;gi|482553812|gb|EOA18005.1| hypothetical protein CARUB_v10006440mg [Capsella rubella]</Hit_def>
  <Hit_accession>XP_006285107</Hit_accession>
  <Hit_len>580</Hit_len>
  <Hit_hsps>
    <Hsp>
      <Hsp_num>1</Hsp_num>
      <Hsp_bit-score>51.6026</Hsp_bit-score>
      <Hsp_score>122</Hsp_score>
      <Hsp_evalue>1.83527e-06</Hsp_evalue>
      <Hsp_query-from>1</Hsp_query-from>
      <Hsp_query-to>87</Hsp_query-to>
      <Hsp_hit-from>334</Hsp_hit-from>
      <Hsp_hit-to>362</Hsp_hit-to>
      <Hsp_query-frame>1</Hsp_query-frame>
      <Hsp_hit-frame>0</Hsp_hit-frame>
      <Hsp_identity>21</Hsp_identity>
      <Hsp_positive>24</Hsp_positive>
      <Hsp_gaps>0</Hsp_gaps>
      <Hsp_align-len>29</Hsp_align-len>
      <Hsp_qseq>VITDFMNQVGQGKRRALATNEWLRVPECD</Hsp_qseq>
      <Hsp_hseq>VVKDFMKQIGQGNRRALATDEWLRVEGCD</Hsp_hseq>
      <Hsp_midline>V+ DFM Q+GQG RRALAT+EWLRV  CD</Hsp_midline>
    </Hsp>
  </Hit_hsps>
</Hit>
<Hit>
  <Hit_num>17</Hit_num>
  <Hit_id>gi|557110171|gb|ESQ50468.1|</Hit_id>
  <Hit_def>hypothetical protein EUTSA_v10001939mg [Eutrema salsugineum]</Hit_def>
  <Hit_accession>ESQ50468</Hit_accession>
  <Hit_len>581</Hit_len>
  <Hit_hsps>
    <Hsp>
      <Hsp_num>1</Hsp_num>
      <Hsp_bit-score>51.6026</Hsp_bit-score>
      <Hsp_score>122</Hsp_score>
      <Hsp_evalue>2.06226e-06</Hsp_evalue>
      <Hsp_query-from>1</Hsp_query-from>
      <Hsp_query-to>87</Hsp_query-to>
      <Hsp_hit-from>340</Hsp_hit-from>
      <Hsp_hit-to>368</Hsp_hit-to>
      <Hsp_query-frame>1</Hsp_query-frame>
      <Hsp_hit-frame>0</Hsp_hit-frame>
      <Hsp_identity>21</Hsp_identity>
      <Hsp_positive>24</Hsp_positive>
      <Hsp_gaps>0</Hsp_gaps>
      <Hsp_align-len>29</Hsp_align-len>
      <Hsp_qseq>VITDFMNQVGQGKRRALATNEWLRVPECD</Hsp_qseq>
      <Hsp_hseq>VIRDFMQQIGQGQRRVLATDEWLRVEGCD</Hsp_hseq>
      <Hsp_midline>VI DFM Q+GQG+RR LAT+EWLRV  CD</Hsp_midline>
    </Hsp>
  </Hit_hsps>
</Hit>
<Hit>
  <Hit_num>18</Hit_num>
  <Hit_id>gi|297803260|ref|XP_002869514.1|</Hit_id>
  <Hit_def>hypothetical protein ARALYDRAFT_913700 [Arabidopsis lyrata subsp. lyrata] &gt;gi|297315350|gb|EFH45773.1| hypothetical protein ARALYDRAFT_913700 [Arabidopsis lyrata subsp. lyrata]</Hit_def>
  <Hit_accession>XP_002869514</Hit_accession>
  <Hit_len>573</Hit_len>
  <Hit_hsps>
    <Hsp>
      <Hsp_num>1</Hsp_num>
      <Hsp_bit-score>50.8322</Hsp_bit-score>
      <Hsp_score>120</Hsp_score>
      <Hsp_evalue>2.95217e-06</Hsp_evalue>
      <Hsp_query-from>1</Hsp_query-from>
      <Hsp_query-to>87</Hsp_query-to>
      <Hsp_hit-from>331</Hsp_hit-from>
      <Hsp_hit-to>359</Hsp_hit-to>
      <Hsp_query-frame>1</Hsp_query-frame>
      <Hsp_hit-frame>0</Hsp_hit-frame>
      <Hsp_identity>22</Hsp_identity>
      <Hsp_positive>25</Hsp_positive>
      <Hsp_gaps>0</Hsp_gaps>
      <Hsp_align-len>29</Hsp_align-len>
      <Hsp_qseq>VITDFMNQVGQGKRRALATNEWLRVPECD</Hsp_qseq>
      <Hsp_hseq>VISDFMEQVGQGGRRALATNEWLQVTGCE</Hsp_hseq>
      <Hsp_midline>VI+DFM QVGQG RRALATNEWL+V  C+</Hsp_midline>
    </Hsp>
  </Hit_hsps>
</Hit>
<Hit>
  <Hit_num>19</Hit_num>
  <Hit_id>gi|125560105|gb|EAZ05553.1|</Hit_id>
  <Hit_def>hypothetical protein OsI_27768 [Oryza sativa Indica Group] &gt;gi|125602154|gb|EAZ41479.1| hypothetical protein OsJ_26003 [Oryza sativa Japonica Group]</Hit_def>
  <Hit_accession>EAZ05553</Hit_accession>
  <Hit_len>580</Hit_len>
  <Hit_hsps>
    <Hsp>
      <Hsp_num>1</Hsp_num>
      <Hsp_bit-score>50.8322</Hsp_bit-score>
      <Hsp_score>120</Hsp_score>
      <Hsp_evalue>3.00028e-06</Hsp_evalue>
      <Hsp_query-from>4</Hsp_query-from>
      <Hsp_query-to>87</Hsp_query-to>
      <Hsp_hit-from>336</Hsp_hit-from>
      <Hsp_hit-to>363</Hsp_hit-to>
      <Hsp_query-frame>1</Hsp_query-frame>
      <Hsp_hit-frame>0</Hsp_hit-frame>
      <Hsp_identity>21</Hsp_identity>
      <Hsp_positive>25</Hsp_positive>
      <Hsp_gaps>0</Hsp_gaps>
      <Hsp_align-len>28</Hsp_align-len>
      <Hsp_qseq>ITDFMNQVGQGKRRALATNEWLRVPECD</Hsp_qseq>
      <Hsp_hseq>ISEFMKQIGQGKRRVLATDEWLRVRECD</Hsp_hseq>
      <Hsp_midline>I++FM Q+GQGKRR LAT+EWLRV ECD</Hsp_midline>
    </Hsp>
  </Hit_hsps>
</Hit>
<Hit>
  <Hit_num>20</Hit_num>
  <Hit_id>gi|508707419|gb|EOX99315.1|</Hit_id>
  <Hit_def>NAD(P)H dehydrogenase B4 [Theobroma cacao]</Hit_def>
  <Hit_accession>EOX99315</Hit_accession>
  <Hit_len>577</Hit_len>
  <Hit_hsps>
    <Hsp>
      <Hsp_num>1</Hsp_num>
      <Hsp_bit-score>50.8322</Hsp_bit-score>
      <Hsp_score>120</Hsp_score>
      <Hsp_evalue>3.69838e-06</Hsp_evalue>
      <Hsp_query-from>1</Hsp_query-from>
      <Hsp_query-to>87</Hsp_query-to>
      <Hsp_hit-from>339</Hsp_hit-from>
      <Hsp_hit-to>367</Hsp_hit-to>
      <Hsp_query-frame>1</Hsp_query-frame>
      <Hsp_hit-frame>0</Hsp_hit-frame>
      <Hsp_identity>21</Hsp_identity>
      <Hsp_positive>23</Hsp_positive>
      <Hsp_gaps>0</Hsp_gaps>
      <Hsp_align-len>29</Hsp_align-len>
      <Hsp_qseq>VITDFMNQVGQGKRRALATNEWLRVPECD</Hsp_qseq>
      <Hsp_hseq>VILDFMKQIGQGSRRVLATDEWLRVEGCD</Hsp_hseq>
      <Hsp_midline>VI DFM Q+GQG RR LAT+EWLRV  CD</Hsp_midline>
    </Hsp>
  </Hit_hsps>
</Hit>
<Hit>
  <Hit_num>21</Hit_num>
  <Hit_id>gi|7269676|emb|CAB79624.1|</Hit_id>
  <Hit_def>putative NADH dehydrogenase [Arabidopsis thaliana]</Hit_def>
  <Hit_accession>CAB79624</Hit_accession>
  <Hit_len>559</Hit_len>
  <Hit_hsps>
    <Hsp>
      <Hsp_num>1</Hsp_num>
      <Hsp_bit-score>50.447</Hsp_bit-score>
      <Hsp_score>119</Hsp_score>
      <Hsp_evalue>4.20067e-06</Hsp_evalue>
      <Hsp_query-from>1</Hsp_query-from>
      <Hsp_query-to>87</Hsp_query-to>
      <Hsp_hit-from>329</Hsp_hit-from>
      <Hsp_hit-to>357</Hsp_hit-to>
      <Hsp_query-frame>1</Hsp_query-frame>
      <Hsp_hit-frame>0</Hsp_hit-frame>
      <Hsp_identity>21</Hsp_identity>
      <Hsp_positive>25</Hsp_positive>
      <Hsp_gaps>0</Hsp_gaps>
      <Hsp_align-len>29</Hsp_align-len>
      <Hsp_qseq>VITDFMNQVGQGKRRALATNEWLRVPECD</Hsp_qseq>
      <Hsp_hseq>VISDFMEQVGQGGRRAVATNEWLQVTGCE</Hsp_hseq>
      <Hsp_midline>VI+DFM QVGQG RRA+ATNEWL+V  C+</Hsp_midline>
    </Hsp>
  </Hit_hsps>
</Hit>
<Hit>
  <Hit_num>22</Hit_num>
  <Hit_id>gi|224124644|ref|XP_002319383.1|</Hit_id>
  <Hit_def>NADH dehydrogenase-related family protein [Populus trichocarpa] &gt;gi|222857759|gb|EEE95306.1| NADH dehydrogenase-related family protein [Populus trichocarpa]</Hit_def>
  <Hit_accession>XP_002319383</Hit_accession>
  <Hit_len>580</Hit_len>
  <Hit_hsps>
    <Hsp>
      <Hsp_num>1</Hsp_num>
      <Hsp_bit-score>50.447</Hsp_bit-score>
      <Hsp_score>119</Hsp_score>
      <Hsp_evalue>4.32643e-06</Hsp_evalue>
      <Hsp_query-from>1</Hsp_query-from>
      <Hsp_query-to>87</Hsp_query-to>
      <Hsp_hit-from>338</Hsp_hit-from>
      <Hsp_hit-to>366</Hsp_hit-to>
      <Hsp_query-frame>1</Hsp_query-frame>
      <Hsp_hit-frame>0</Hsp_hit-frame>
      <Hsp_identity>20</Hsp_identity>
      <Hsp_positive>23</Hsp_positive>
      <Hsp_gaps>0</Hsp_gaps>
      <Hsp_align-len>29</Hsp_align-len>
      <Hsp_qseq>VITDFMNQVGQGKRRALATNEWLRVPECD</Hsp_qseq>
      <Hsp_hseq>VVKDFMEQIGQANRRVLATNEWLRVKECE</Hsp_hseq>
      <Hsp_midline>V+ DFM Q+GQ  RR LATNEWLRV EC+</Hsp_midline>
    </Hsp>
  </Hit_hsps>
</Hit>
<Hit>
  <Hit_num>23</Hit_num>
  <Hit_id>gi|449444399|ref|XP_004139962.1|</Hit_id>
  <Hit_def>PREDICTED: NAD(P)H dehydrogenase B2, mitochondrial-like [Cucumis sativus] &gt;gi|449475728|ref|XP_004154535.1| PREDICTED: NAD(P)H dehydrogenase B2, mitochondrial-like [Cucumis sativus]</Hit_def>
  <Hit_accession>XP_004139962</Hit_accession>
  <Hit_len>585</Hit_len>
  <Hit_hsps>
    <Hsp>
      <Hsp_num>1</Hsp_num>
      <Hsp_bit-score>50.447</Hsp_bit-score>
      <Hsp_score>119</Hsp_score>
      <Hsp_evalue>5.31948e-06</Hsp_evalue>
      <Hsp_query-from>4</Hsp_query-from>
      <Hsp_query-to>87</Hsp_query-to>
      <Hsp_hit-from>341</Hsp_hit-from>
      <Hsp_hit-to>368</Hsp_hit-to>
      <Hsp_query-frame>1</Hsp_query-frame>
      <Hsp_hit-frame>0</Hsp_hit-frame>
      <Hsp_identity>20</Hsp_identity>
      <Hsp_positive>23</Hsp_positive>
      <Hsp_gaps>0</Hsp_gaps>
      <Hsp_align-len>28</Hsp_align-len>
      <Hsp_qseq>ITDFMNQVGQGKRRALATNEWLRVPECD</Hsp_qseq>
      <Hsp_hseq>VIDFMNQIGQTNRRALATDEWLRVEGCD</Hsp_hseq>
      <Hsp_midline>+ DFMNQ+GQ  RRALAT+EWLRV  CD</Hsp_midline>
    </Hsp>
  </Hit_hsps>
</Hit>
<Hit>
  <Hit_num>24</Hit_num>
  <Hit_id>gi|18417151|ref|NP_567801.1|</Hit_id>
  <Hit_def>NAD(P)H dehydrogenase B1 [Arabidopsis thaliana] &gt;gi|122237632|sp|Q1JPL4.1|NDB1_ARATH RecName: Full=External alternative NAD(P)H-ubiquinone oxidoreductase B1, mitochondrial; AltName: Full=External alternative NADH dehydrogenase NDB1; AltName: Full=NADH:ubiquinone reductase (non-electrogenic) NDB1; Flags: Precursor &gt;gi|95147320|gb|ABF57295.1| At4g28220 [Arabidopsis thaliana] &gt;gi|332660055|gb|AEE85455.1| NAD(P)H dehydrogenase B1 [Arabidopsis thaliana]</Hit_def>
  <Hit_accession>NP_567801</Hit_accession>
  <Hit_len>571</Hit_len>
  <Hit_hsps>
    <Hsp>
      <Hsp_num>1</Hsp_num>
      <Hsp_bit-score>50.0618</Hsp_bit-score>
      <Hsp_score>118</Hsp_score>
      <Hsp_evalue>5.83978e-06</Hsp_evalue>
      <Hsp_query-from>1</Hsp_query-from>
      <Hsp_query-to>87</Hsp_query-to>
      <Hsp_hit-from>329</Hsp_hit-from>
      <Hsp_hit-to>357</Hsp_hit-to>
      <Hsp_query-frame>1</Hsp_query-frame>
      <Hsp_hit-frame>0</Hsp_hit-frame>
      <Hsp_identity>21</Hsp_identity>
      <Hsp_positive>25</Hsp_positive>
      <Hsp_gaps>0</Hsp_gaps>
      <Hsp_align-len>29</Hsp_align-len>
      <Hsp_qseq>VITDFMNQVGQGKRRALATNEWLRVPECD</Hsp_qseq>
      <Hsp_hseq>VISDFMEQVGQGGRRAVATNEWLQVTGCE</Hsp_hseq>
      <Hsp_midline>VI+DFM QVGQG RRA+ATNEWL+V  C+</Hsp_midline>
    </Hsp>
  </Hit_hsps>
</Hit>
<Hit>
  <Hit_num>25</Hit_num>
  <Hit_id>gi|21554177|gb|AAM63256.1|</Hit_id>
  <Hit_def>putative NADH dehydrogenase [Arabidopsis thaliana]</Hit_def>
  <Hit_accession>AAM63256</Hit_accession>
  <Hit_len>571</Hit_len>
  <Hit_hsps>
    <Hsp>
      <Hsp_num>1</Hsp_num>
      <Hsp_bit-score>50.0618</Hsp_bit-score>
      <Hsp_score>118</Hsp_score>
      <Hsp_evalue>5.89629e-06</Hsp_evalue>
      <Hsp_query-from>1</Hsp_query-from>
      <Hsp_query-to>87</Hsp_query-to>
      <Hsp_hit-from>329</Hsp_hit-from>
      <Hsp_hit-to>357</Hsp_hit-to>
      <Hsp_query-frame>1</Hsp_query-frame>
      <Hsp_hit-frame>0</Hsp_hit-frame>
      <Hsp_identity>21</Hsp_identity>
      <Hsp_positive>25</Hsp_positive>
      <Hsp_gaps>0</Hsp_gaps>
      <Hsp_align-len>29</Hsp_align-len>
      <Hsp_qseq>VITDFMNQVGQGKRRALATNEWLRVPECD</Hsp_qseq>
      <Hsp_hseq>VISDFMEQVGQGGRRAVATNEWLQVTGCE</Hsp_hseq>
      <Hsp_midline>VI+DFM QVGQG RRA+ATNEWL+V  C+</Hsp_midline>
    </Hsp>
  </Hit_hsps>
</Hit>
<Hit>
  <Hit_num>26</Hit_num>
  <Hit_id>gi|228481025|gb|ACQ42212.1|</Hit_id>
  <Hit_def>putative mitochondrial type II NAD(P)H dehydrogenase [Actinidia deliciosa]</Hit_def>
  <Hit_accession>ACQ42212</Hit_accession>
  <Hit_len>215</Hit_len>
  <Hit_hsps>
    <Hsp>
      <Hsp_num>1</Hsp_num>
      <Hsp_bit-score>48.521</Hsp_bit-score>
      <Hsp_score>114</Hsp_score>
      <Hsp_evalue>6.658e-06</Hsp_evalue>
      <Hsp_query-from>1</Hsp_query-from>
      <Hsp_query-to>87</Hsp_query-to>
      <Hsp_hit-from>1</Hsp_hit-from>
      <Hsp_hit-to>29</Hsp_hit-to>
      <Hsp_query-frame>1</Hsp_query-frame>
      <Hsp_hit-frame>0</Hsp_hit-frame>
      <Hsp_identity>20</Hsp_identity>
      <Hsp_positive>23</Hsp_positive>
      <Hsp_gaps>0</Hsp_gaps>
      <Hsp_align-len>29</Hsp_align-len>
      <Hsp_qseq>VITDFMNQVGQGKRRALATNEWLRVPECD</Hsp_qseq>
      <Hsp_hseq>VVMDFMKQIGQGNRRVLATDEWLRVEGCD</Hsp_hseq>
      <Hsp_midline>V+ DFM Q+GQG RR LAT+EWLRV  CD</Hsp_midline>
    </Hsp>
  </Hit_hsps>
</Hit>
<Hit>
  <Hit_num>27</Hit_num>
  <Hit_id>gi|297836846|ref|XP_002886305.1|</Hit_id>
  <Hit_def>NDB4 H dehydrogenase B4 [Arabidopsis lyrata subsp. lyrata] &gt;gi|297332145|gb|EFH62564.1| NDB4 H dehydrogenase B4 [Arabidopsis lyrata subsp. lyrata]</Hit_def>
  <Hit_accession>XP_002886305</Hit_accession>
  <Hit_len>581</Hit_len>
  <Hit_hsps>
    <Hsp>
      <Hsp_num>1</Hsp_num>
      <Hsp_bit-score>50.0618</Hsp_bit-score>
      <Hsp_score>118</Hsp_score>
      <Hsp_evalue>6.9405e-06</Hsp_evalue>
      <Hsp_query-from>1</Hsp_query-from>
      <Hsp_query-to>87</Hsp_query-to>
      <Hsp_hit-from>340</Hsp_hit-from>
      <Hsp_hit-to>368</Hsp_hit-to>
      <Hsp_query-frame>1</Hsp_query-frame>
      <Hsp_hit-frame>0</Hsp_hit-frame>
      <Hsp_identity>20</Hsp_identity>
      <Hsp_positive>24</Hsp_positive>
      <Hsp_gaps>0</Hsp_gaps>
      <Hsp_align-len>29</Hsp_align-len>
      <Hsp_qseq>VITDFMNQVGQGKRRALATNEWLRVPECD</Hsp_qseq>
      <Hsp_hseq>VIRDFMQQIGQGQRRVLATDEWLRVEGCE</Hsp_hseq>
      <Hsp_midline>VI DFM Q+GQG+RR LAT+EWLRV  C+</Hsp_midline>
    </Hsp>
  </Hit_hsps>
</Hit>
<Hit>
  <Hit_num>28</Hit_num>
  <Hit_id>gi|255553901|ref|XP_002517991.1|</Hit_id>
  <Hit_def>Rotenone-insensitive NADH-ubiquinone oxidoreductase, mitochondrial precursor, putative [Ricinus communis] &gt;gi|223542973|gb|EEF44509.1| Rotenone-insensitive NADH-ubiquinone oxidoreductase, mitochondrial precursor, putative [Ricinus communis]</Hit_def>
  <Hit_accession>XP_002517991</Hit_accession>
  <Hit_len>579</Hit_len>
  <Hit_hsps>
    <Hsp>
      <Hsp_num>1</Hsp_num>
      <Hsp_bit-score>49.6766</Hsp_bit-score>
      <Hsp_score>117</Hsp_score>
      <Hsp_evalue>8.89797e-06</Hsp_evalue>
      <Hsp_query-from>1</Hsp_query-from>
      <Hsp_query-to>87</Hsp_query-to>
      <Hsp_hit-from>337</Hsp_hit-from>
      <Hsp_hit-to>365</Hsp_hit-to>
      <Hsp_query-frame>1</Hsp_query-frame>
      <Hsp_hit-frame>0</Hsp_hit-frame>
      <Hsp_identity>20</Hsp_identity>
      <Hsp_positive>24</Hsp_positive>
      <Hsp_gaps>0</Hsp_gaps>
      <Hsp_align-len>29</Hsp_align-len>
      <Hsp_qseq>VITDFMNQVGQGKRRALATNEWLRVPECD</Hsp_qseq>
      <Hsp_hseq>VIKEFMHQIGQGNRRVLATDEWLRVEGCD</Hsp_hseq>
      <Hsp_midline>VI +FM+Q+GQG RR LAT+EWLRV  CD</Hsp_midline>
    </Hsp>
  </Hit_hsps>
</Hit>
<Hit>
  <Hit_num>29</Hit_num>
  <Hit_id>gi|385274843|dbj|BAM13876.1|</Hit_id>
  <Hit_def>type II NAD(P)H dehydrogenase [Arum maculatum]</Hit_def>
  <Hit_accession>BAM13876</Hit_accession>
  <Hit_len>581</Hit_len>
  <Hit_hsps>
    <Hsp>
      <Hsp_num>1</Hsp_num>
      <Hsp_bit-score>49.6766</Hsp_bit-score>
      <Hsp_score>117</Hsp_score>
      <Hsp_evalue>8.99967e-06</Hsp_evalue>
      <Hsp_query-from>1</Hsp_query-from>
      <Hsp_query-to>87</Hsp_query-to>
      <Hsp_hit-from>336</Hsp_hit-from>
      <Hsp_hit-to>364</Hsp_hit-to>
      <Hsp_query-frame>1</Hsp_query-frame>
      <Hsp_hit-frame>0</Hsp_hit-frame>
      <Hsp_identity>21</Hsp_identity>
      <Hsp_positive>23</Hsp_positive>
      <Hsp_gaps>0</Hsp_gaps>
      <Hsp_align-len>29</Hsp_align-len>
      <Hsp_qseq>VITDFMNQVGQGKRRALATNEWLRVPECD</Hsp_qseq>
      <Hsp_hseq>VILDFMKQIGQGDRRVLATDEWLRVRGCD</Hsp_hseq>
      <Hsp_midline>VI DFM Q+GQG RR LAT+EWLRV  CD</Hsp_midline>
    </Hsp>
  </Hit_hsps>
</Hit>
<Hit>
  <Hit_num>30</Hit_num>
  <Hit_id>gi|224124648|ref|XP_002319384.1|</Hit_id>
  <Hit_def>pyridine nucleotide-disulfide oxidoreductase family protein [Populus trichocarpa] &gt;gi|222857760|gb|EEE95307.1| pyridine nucleotide-disulfide oxidoreductase family protein [Populus trichocarpa]</Hit_def>
  <Hit_accession>XP_002319384</Hit_accession>
  <Hit_len>577</Hit_len>
  <Hit_hsps>
    <Hsp>
      <Hsp_num>1</Hsp_num>
      <Hsp_bit-score>49.6766</Hsp_bit-score>
      <Hsp_score>117</Hsp_score>
      <Hsp_evalue>9.50124e-06</Hsp_evalue>
      <Hsp_query-from>1</Hsp_query-from>
      <Hsp_query-to>87</Hsp_query-to>
      <Hsp_hit-from>335</Hsp_hit-from>
      <Hsp_hit-to>363</Hsp_hit-to>
      <Hsp_query-frame>1</Hsp_query-frame>
      <Hsp_hit-frame>0</Hsp_hit-frame>
      <Hsp_identity>20</Hsp_identity>
      <Hsp_positive>22</Hsp_positive>
      <Hsp_gaps>0</Hsp_gaps>
      <Hsp_align-len>29</Hsp_align-len>
      <Hsp_qseq>VITDFMNQVGQGKRRALATNEWLRVPECD</Hsp_qseq>
      <Hsp_hseq>VIMDFMKHIGQGNRRVLATDEWLRVEGCD</Hsp_hseq>
      <Hsp_midline>VI DFM  +GQG RR LAT+EWLRV  CD</Hsp_midline>
    </Hsp>
  </Hit_hsps>
</Hit>
<Hit>
  <Hit_num>31</Hit_num>
  <Hit_id>gi|514793698|ref|XP_004972878.1|</Hit_id>
  <Hit_def>PREDICTED: NAD(P)H dehydrogenase B2, mitochondrial-like [Setaria italica]</Hit_def>
  <Hit_accession>XP_004972878</Hit_accession>
  <Hit_len>580</Hit_len>
  <Hit_hsps>
    <Hsp>
      <Hsp_num>1</Hsp_num>
      <Hsp_bit-score>49.2914</Hsp_bit-score>
      <Hsp_score>116</Hsp_score>
      <Hsp_evalue>9.99563e-06</Hsp_evalue>
      <Hsp_query-from>4</Hsp_query-from>
      <Hsp_query-to>87</Hsp_query-to>
      <Hsp_hit-from>336</Hsp_hit-from>
      <Hsp_hit-to>363</Hsp_hit-to>
      <Hsp_query-frame>1</Hsp_query-frame>
      <Hsp_hit-frame>0</Hsp_hit-frame>
      <Hsp_identity>20</Hsp_identity>
      <Hsp_positive>23</Hsp_positive>
      <Hsp_gaps>0</Hsp_gaps>
      <Hsp_align-len>28</Hsp_align-len>
      <Hsp_qseq>ITDFMNQVGQGKRRALATNEWLRVPECD</Hsp_qseq>
      <Hsp_hseq>IVEFMKQIGQGNRRVLATDEWLRVRECD</Hsp_hseq>
      <Hsp_midline>I +FM Q+GQG RR LAT+EWLRV ECD</Hsp_midline>
    </Hsp>
  </Hit_hsps>
</Hit>
<Hit>
  <Hit_num>32</Hit_num>
  <Hit_id>gi|449488409|ref|XP_004158024.1|</Hit_id>
  <Hit_def>PREDICTED: NAD(P)H dehydrogenase B3, mitochondrial-like [Cucumis sativus]</Hit_def>
  <Hit_accession>XP_004158024</Hit_accession>
  <Hit_len>584</Hit_len>
  <Hit_hsps>
    <Hsp>
      <Hsp_num>1</Hsp_num>
      <Hsp_bit-score>49.2914</Hsp_bit-score>
      <Hsp_score>116</Hsp_score>
      <Hsp_evalue>1.02249e-05</Hsp_evalue>
      <Hsp_query-from>1</Hsp_query-from>
      <Hsp_query-to>87</Hsp_query-to>
      <Hsp_hit-from>339</Hsp_hit-from>
      <Hsp_hit-to>367</Hsp_hit-to>
      <Hsp_query-frame>1</Hsp_query-frame>
      <Hsp_hit-frame>0</Hsp_hit-frame>
      <Hsp_identity>20</Hsp_identity>
      <Hsp_positive>23</Hsp_positive>
      <Hsp_gaps>0</Hsp_gaps>
      <Hsp_align-len>29</Hsp_align-len>
      <Hsp_qseq>VITDFMNQVGQGKRRALATNEWLRVPECD</Hsp_qseq>
      <Hsp_hseq>IIKDFMTQIGQANRRALATDEWLRVEGCD</Hsp_hseq>
      <Hsp_midline>+I DFM Q+GQ  RRALAT+EWLRV  CD</Hsp_midline>
    </Hsp>
  </Hit_hsps>
</Hit>
<Hit>
  <Hit_num>33</Hit_num>
  <Hit_id>gi|557551820|gb|ESR62449.1|</Hit_id>
  <Hit_def>hypothetical protein CICLE_v10014723mg [Citrus clementina]</Hit_def>
  <Hit_accession>ESR62449</Hit_accession>
  <Hit_len>583</Hit_len>
  <Hit_hsps>
    <Hsp>
      <Hsp_num>1</Hsp_num>
      <Hsp_bit-score>49.2914</Hsp_bit-score>
      <Hsp_score>116</Hsp_score>
      <Hsp_evalue>1.25026e-05</Hsp_evalue>
      <Hsp_query-from>1</Hsp_query-from>
      <Hsp_query-to>87</Hsp_query-to>
      <Hsp_hit-from>338</Hsp_hit-from>
      <Hsp_hit-to>366</Hsp_hit-to>
      <Hsp_query-frame>1</Hsp_query-frame>
      <Hsp_hit-frame>0</Hsp_hit-frame>
      <Hsp_identity>21</Hsp_identity>
      <Hsp_positive>23</Hsp_positive>
      <Hsp_gaps>0</Hsp_gaps>
      <Hsp_align-len>29</Hsp_align-len>
      <Hsp_qseq>VITDFMNQVGQGKRRALATNEWLRVPECD</Hsp_qseq>
      <Hsp_hseq>IIKDFMKQVGQTNRRALATDEWLRVEGCD</Hsp_hseq>
      <Hsp_midline>+I DFM QVGQ  RRALAT+EWLRV  CD</Hsp_midline>
    </Hsp>
  </Hit_hsps>
</Hit>
<Hit>
  <Hit_num>34</Hit_num>
  <Hit_id>gi|475582509|gb|EMT19151.1|</Hit_id>
  <Hit_def>Putative NADH-ubiquinone oxidoreductase C3A11.07, mitochondrial [Aegilops tauschii]</Hit_def>
  <Hit_accession>EMT19151</Hit_accession>
  <Hit_len>603</Hit_len>
  <Hit_hsps>
    <Hsp>
      <Hsp_num>1</Hsp_num>
      <Hsp_bit-score>49.2914</Hsp_bit-score>
      <Hsp_score>116</Hsp_score>
      <Hsp_evalue>1.29539e-05</Hsp_evalue>
      <Hsp_query-from>4</Hsp_query-from>
      <Hsp_query-to>87</Hsp_query-to>
      <Hsp_hit-from>351</Hsp_hit-from>
      <Hsp_hit-to>378</Hsp_hit-to>
      <Hsp_query-frame>1</Hsp_query-frame>
      <Hsp_hit-frame>0</Hsp_hit-frame>
      <Hsp_identity>19</Hsp_identity>
      <Hsp_positive>22</Hsp_positive>
      <Hsp_gaps>0</Hsp_gaps>
      <Hsp_align-len>28</Hsp_align-len>
      <Hsp_qseq>ITDFMNQVGQGKRRALATNEWLRVPECD</Hsp_qseq>
      <Hsp_hseq>VVDFMKQIGQANRRVLATDEWLRVRECD</Hsp_hseq>
      <Hsp_midline>+ DFM Q+GQ  RR LAT+EWLRV ECD</Hsp_midline>
    </Hsp>
  </Hit_hsps>
</Hit>
<Hit>
  <Hit_num>35</Hit_num>
  <Hit_id>gi|470114610|ref|XP_004293504.1|</Hit_id>
  <Hit_def>PREDICTED: NAD(P)H dehydrogenase B2, mitochondrial-like [Fragaria vesca subsp. vesca]</Hit_def>
  <Hit_accession>XP_004293504</Hit_accession>
  <Hit_len>580</Hit_len>
  <Hit_hsps>
    <Hsp>
      <Hsp_num>1</Hsp_num>
      <Hsp_bit-score>49.2914</Hsp_bit-score>
      <Hsp_score>116</Hsp_score>
      <Hsp_evalue>1.29598e-05</Hsp_evalue>
      <Hsp_query-from>4</Hsp_query-from>
      <Hsp_query-to>87</Hsp_query-to>
      <Hsp_hit-from>333</Hsp_hit-from>
      <Hsp_hit-to>360</Hsp_hit-to>
      <Hsp_query-frame>1</Hsp_query-frame>
      <Hsp_hit-frame>0</Hsp_hit-frame>
      <Hsp_identity>20</Hsp_identity>
      <Hsp_positive>22</Hsp_positive>
      <Hsp_gaps>0</Hsp_gaps>
      <Hsp_align-len>28</Hsp_align-len>
      <Hsp_qseq>ITDFMNQVGQGKRRALATNEWLRVPECD</Hsp_qseq>
      <Hsp_hseq>IRDFMNQIGQANRRVLATDEWLRVEGCD</Hsp_hseq>
      <Hsp_midline>I DFMNQ+GQ  RR LAT+EWLRV  CD</Hsp_midline>
    </Hsp>
  </Hit_hsps>
</Hit>
<Hit>
  <Hit_num>36</Hit_num>
  <Hit_id>gi|548843845|gb|ERN03499.1|</Hit_id>
  <Hit_def>hypothetical protein AMTR_s00003p00269890 [Amborella trichopoda]</Hit_def>
  <Hit_accession>ERN03499</Hit_accession>
  <Hit_len>529</Hit_len>
  <Hit_hsps>
    <Hsp>
      <Hsp_num>1</Hsp_num>
      <Hsp_bit-score>48.9062</Hsp_bit-score>
      <Hsp_score>115</Hsp_score>
      <Hsp_evalue>1.45366e-05</Hsp_evalue>
      <Hsp_query-from>1</Hsp_query-from>
      <Hsp_query-to>87</Hsp_query-to>
      <Hsp_hit-from>312</Hsp_hit-from>
      <Hsp_hit-to>340</Hsp_hit-to>
      <Hsp_query-frame>1</Hsp_query-frame>
      <Hsp_hit-frame>0</Hsp_hit-frame>
      <Hsp_identity>20</Hsp_identity>
      <Hsp_positive>23</Hsp_positive>
      <Hsp_gaps>0</Hsp_gaps>
      <Hsp_align-len>29</Hsp_align-len>
      <Hsp_qseq>VITDFMNQVGQGKRRALATNEWLRVPECD</Hsp_qseq>
      <Hsp_hseq>VIMDFMKQIGQTNRRVLATDEWLRVEKCD</Hsp_hseq>
      <Hsp_midline>VI DFM Q+GQ  RR LAT+EWLRV +CD</Hsp_midline>
    </Hsp>
  </Hit_hsps>
</Hit>
<Hit>
  <Hit_num>37</Hit_num>
  <Hit_id>gi|548843848|gb|ERN03502.1|</Hit_id>
  <Hit_def>hypothetical protein AMTR_s00003p00270010 [Amborella trichopoda]</Hit_def>
  <Hit_accession>ERN03502</Hit_accession>
  <Hit_len>548</Hit_len>
  <Hit_hsps>
    <Hsp>
      <Hsp_num>1</Hsp_num>
      <Hsp_bit-score>48.9062</Hsp_bit-score>
      <Hsp_score>115</Hsp_score>
      <Hsp_evalue>1.71252e-05</Hsp_evalue>
      <Hsp_query-from>1</Hsp_query-from>
      <Hsp_query-to>87</Hsp_query-to>
      <Hsp_hit-from>303</Hsp_hit-from>
      <Hsp_hit-to>331</Hsp_hit-to>
      <Hsp_query-frame>1</Hsp_query-frame>
      <Hsp_hit-frame>0</Hsp_hit-frame>
      <Hsp_identity>20</Hsp_identity>
      <Hsp_positive>22</Hsp_positive>
      <Hsp_gaps>0</Hsp_gaps>
      <Hsp_align-len>29</Hsp_align-len>
      <Hsp_qseq>VITDFMNQVGQGKRRALATNEWLRVPECD</Hsp_qseq>
      <Hsp_hseq>VVMDFMKQIGQTDRRVLATNEWLRVEGCD</Hsp_hseq>
      <Hsp_midline>V+ DFM Q+GQ  RR LATNEWLRV  CD</Hsp_midline>
    </Hsp>
  </Hit_hsps>
</Hit>
<Hit>
  <Hit_num>38</Hit_num>
  <Hit_id>gi|473813759|gb|EMS46851.1|</Hit_id>
  <Hit_def>putative NADH-ubiquinone oxidoreductase C3A11.07, mitochondrial [Triticum urartu]</Hit_def>
  <Hit_accession>EMS46851</Hit_accession>
  <Hit_len>569</Hit_len>
  <Hit_hsps>
    <Hsp>
      <Hsp_num>1</Hsp_num>
      <Hsp_bit-score>48.9062</Hsp_bit-score>
      <Hsp_score>115</Hsp_score>
      <Hsp_evalue>1.79732e-05</Hsp_evalue>
      <Hsp_query-from>4</Hsp_query-from>
      <Hsp_query-to>87</Hsp_query-to>
      <Hsp_hit-from>303</Hsp_hit-from>
      <Hsp_hit-to>330</Hsp_hit-to>
      <Hsp_query-frame>1</Hsp_query-frame>
      <Hsp_hit-frame>0</Hsp_hit-frame>
      <Hsp_identity>19</Hsp_identity>
      <Hsp_positive>22</Hsp_positive>
      <Hsp_gaps>0</Hsp_gaps>
      <Hsp_align-len>28</Hsp_align-len>
      <Hsp_qseq>ITDFMNQVGQGKRRALATNEWLRVPECD</Hsp_qseq>
      <Hsp_hseq>VVDFMKQIGQANRRVLATDEWLRVRECD</Hsp_hseq>
      <Hsp_midline>+ DFM Q+GQ  RR LAT+EWLRV ECD</Hsp_midline>
    </Hsp>
  </Hit_hsps>
</Hit>
<Hit>
  <Hit_num>39</Hit_num>
  <Hit_id>gi|18412775|ref|NP_567283.1|</Hit_id>
  <Hit_def>NAD(P)H dehydrogenase B2 [Arabidopsis thaliana] &gt;gi|75332084|sp|Q94BV7.1|NDB2_ARATH RecName: Full=External alternative NAD(P)H-ubiquinone oxidoreductase B2, mitochondrial; AltName: Full=External alternative NADH dehydrogenase NDB2; AltName: Full=NADH:ubiquinone reductase (non-electrogenic) NDB2; Flags: Precursor &gt;gi|14532464|gb|AAK63960.1| AT4g05020/T32N4_4 [Arabidopsis thaliana] &gt;gi|25090208|gb|AAN72252.1| At4g05020/T32N4_4 [Arabidopsis thaliana] &gt;gi|332657060|gb|AEE82460.1| NAD(P)H dehydrogenase B2 [Arabidopsis thaliana]</Hit_def>
  <Hit_accession>NP_567283</Hit_accession>
  <Hit_len>582</Hit_len>
  <Hit_hsps>
    <Hsp>
      <Hsp_num>1</Hsp_num>
      <Hsp_bit-score>48.521</Hsp_bit-score>
      <Hsp_score>114</Hsp_score>
      <Hsp_evalue>1.88873e-05</Hsp_evalue>
      <Hsp_query-from>1</Hsp_query-from>
      <Hsp_query-to>87</Hsp_query-to>
      <Hsp_hit-from>336</Hsp_hit-from>
      <Hsp_hit-to>364</Hsp_hit-to>
      <Hsp_query-frame>1</Hsp_query-frame>
      <Hsp_hit-frame>0</Hsp_hit-frame>
      <Hsp_identity>21</Hsp_identity>
      <Hsp_positive>23</Hsp_positive>
      <Hsp_gaps>0</Hsp_gaps>
      <Hsp_align-len>29</Hsp_align-len>
      <Hsp_qseq>VITDFMNQVGQGKRRALATNEWLRVPECD</Hsp_qseq>
      <Hsp_hseq>VIKDFMKQIGQGNRRALATDEWLRVEGTD</Hsp_hseq>
      <Hsp_midline>VI DFM Q+GQG RRALAT+EWLRV   D</Hsp_midline>
    </Hsp>
  </Hit_hsps>
</Hit>
<Hit>
  <Hit_num>40</Hit_num>
  <Hit_id>gi|334186370|ref|NP_001190678.1|</Hit_id>
  <Hit_def>NAD(P)H dehydrogenase B2 [Arabidopsis thaliana] &gt;gi|332657061|gb|AEE82461.1| NAD(P)H dehydrogenase B2 [Arabidopsis thaliana]</Hit_def>
  <Hit_accession>NP_001190678</Hit_accession>
  <Hit_len>619</Hit_len>
  <Hit_hsps>
    <Hsp>
      <Hsp_num>1</Hsp_num>
      <Hsp_bit-score>48.521</Hsp_bit-score>
      <Hsp_score>114</Hsp_score>
      <Hsp_evalue>1.90653e-05</Hsp_evalue>
      <Hsp_query-from>1</Hsp_query-from>
      <Hsp_query-to>87</Hsp_query-to>
      <Hsp_hit-from>336</Hsp_hit-from>
      <Hsp_hit-to>364</Hsp_hit-to>
      <Hsp_query-frame>1</Hsp_query-frame>
      <Hsp_hit-frame>0</Hsp_hit-frame>
      <Hsp_identity>21</Hsp_identity>
      <Hsp_positive>23</Hsp_positive>
      <Hsp_gaps>0</Hsp_gaps>
      <Hsp_align-len>29</Hsp_align-len>
      <Hsp_qseq>VITDFMNQVGQGKRRALATNEWLRVPECD</Hsp_qseq>
      <Hsp_hseq>VIKDFMKQIGQGNRRALATDEWLRVEGTD</Hsp_hseq>
      <Hsp_midline>VI DFM Q+GQG RRALAT+EWLRV   D</Hsp_midline>
    </Hsp>
  </Hit_hsps>
</Hit>
<Hit>
  <Hit_num>41</Hit_num>
  <Hit_id>gi|5732076|gb|AAD48975.1|AF162444_7</Hit_id>
  <Hit_def>contains similarity to Pfam family PF00070 - Pyridine nucleotide-disulphide oxidoreductase class-I; score=26.1, E=0.0008, N=1 [Arabidopsis thaliana] &gt;gi|7267261|emb|CAB81044.1| AT4g05020 [Arabidopsis thaliana]</Hit_def>
  <Hit_accession>AAD48975</Hit_accession>
  <Hit_len>583</Hit_len>
  <Hit_hsps>
    <Hsp>
      <Hsp_num>1</Hsp_num>
      <Hsp_bit-score>48.521</Hsp_bit-score>
      <Hsp_score>114</Hsp_score>
      <Hsp_evalue>1.92699e-05</Hsp_evalue>
      <Hsp_query-from>1</Hsp_query-from>
      <Hsp_query-to>87</Hsp_query-to>
      <Hsp_hit-from>337</Hsp_hit-from>
      <Hsp_hit-to>365</Hsp_hit-to>
      <Hsp_query-frame>1</Hsp_query-frame>
      <Hsp_hit-frame>0</Hsp_hit-frame>
      <Hsp_identity>21</Hsp_identity>
      <Hsp_positive>23</Hsp_positive>
      <Hsp_gaps>0</Hsp_gaps>
      <Hsp_align-len>29</Hsp_align-len>
      <Hsp_qseq>VITDFMNQVGQGKRRALATNEWLRVPECD</Hsp_qseq>
      <Hsp_hseq>VIKDFMKQIGQGNRRALATDEWLRVEGTD</Hsp_hseq>
      <Hsp_midline>VI DFM Q+GQG RRALAT+EWLRV   D</Hsp_midline>
    </Hsp>
  </Hit_hsps>
</Hit>
<Hit>
  <Hit_num>42</Hit_num>
  <Hit_id>gi|297809693|ref|XP_002872730.1|</Hit_id>
  <Hit_def>hypothetical protein ARALYDRAFT_911770 [Arabidopsis lyrata subsp. lyrata] &gt;gi|297318567|gb|EFH48989.1| hypothetical protein ARALYDRAFT_911770 [Arabidopsis lyrata subsp. lyrata]</Hit_def>
  <Hit_accession>XP_002872730</Hit_accession>
  <Hit_len>583</Hit_len>
  <Hit_hsps>
    <Hsp>
      <Hsp_num>1</Hsp_num>
      <Hsp_bit-score>48.521</Hsp_bit-score>
      <Hsp_score>114</Hsp_score>
      <Hsp_evalue>1.96438e-05</Hsp_evalue>
      <Hsp_query-from>1</Hsp_query-from>
      <Hsp_query-to>87</Hsp_query-to>
      <Hsp_hit-from>337</Hsp_hit-from>
      <Hsp_hit-to>365</Hsp_hit-to>
      <Hsp_query-frame>1</Hsp_query-frame>
      <Hsp_hit-frame>0</Hsp_hit-frame>
      <Hsp_identity>21</Hsp_identity>
      <Hsp_positive>23</Hsp_positive>
      <Hsp_gaps>0</Hsp_gaps>
      <Hsp_align-len>29</Hsp_align-len>
      <Hsp_qseq>VITDFMNQVGQGKRRALATNEWLRVPECD</Hsp_qseq>
      <Hsp_hseq>VIKDFMKQIGQGNRRALATDEWLRVEGTD</Hsp_hseq>
      <Hsp_midline>VI DFM Q+GQG RRALAT+EWLRV   D</Hsp_midline>
    </Hsp>
  </Hit_hsps>
</Hit>
<Hit>
  <Hit_num>43</Hit_num>
  <Hit_id>gi|475455404|gb|EMT01831.1|</Hit_id>
  <Hit_def>External NADH-ubiquinone oxidoreductase 1, mitochondrial [Aegilops tauschii]</Hit_def>
  <Hit_accession>EMT01831</Hit_accession>
  <Hit_len>584</Hit_len>
  <Hit_hsps>
    <Hsp>
      <Hsp_num>1</Hsp_num>
      <Hsp_bit-score>48.521</Hsp_bit-score>
      <Hsp_score>114</Hsp_score>
      <Hsp_evalue>2.1028e-05</Hsp_evalue>
      <Hsp_query-from>1</Hsp_query-from>
      <Hsp_query-to>87</Hsp_query-to>
      <Hsp_hit-from>334</Hsp_hit-from>
      <Hsp_hit-to>362</Hsp_hit-to>
      <Hsp_query-frame>1</Hsp_query-frame>
      <Hsp_hit-frame>0</Hsp_hit-frame>
      <Hsp_identity>21</Hsp_identity>
      <Hsp_positive>23</Hsp_positive>
      <Hsp_gaps>0</Hsp_gaps>
      <Hsp_align-len>29</Hsp_align-len>
      <Hsp_qseq>VITDFMNQVGQGKRRALATNEWLRVPECD</Hsp_qseq>
      <Hsp_hseq>IIMDFMKQVGQGNRRVLATDEWLRVLGCD</Hsp_hseq>
      <Hsp_midline>+I DFM QVGQG RR LAT+EWLRV  CD</Hsp_midline>
    </Hsp>
  </Hit_hsps>
</Hit>
<Hit>
  <Hit_num>44</Hit_num>
  <Hit_id>gi|225447635|ref|XP_002274523.1|</Hit_id>
  <Hit_def>PREDICTED: rotenone-insensitive NADH-ubiquinone oxidoreductase, mitochondrial-like [Vitis vinifera]</Hit_def>
  <Hit_accession>XP_002274523</Hit_accession>
  <Hit_len>574</Hit_len>
  <Hit_hsps>
    <Hsp>
      <Hsp_num>1</Hsp_num>
      <Hsp_bit-score>48.521</Hsp_bit-score>
      <Hsp_score>114</Hsp_score>
      <Hsp_evalue>2.27365e-05</Hsp_evalue>
      <Hsp_query-from>1</Hsp_query-from>
      <Hsp_query-to>87</Hsp_query-to>
      <Hsp_hit-from>331</Hsp_hit-from>
      <Hsp_hit-to>359</Hsp_hit-to>
      <Hsp_query-frame>1</Hsp_query-frame>
      <Hsp_hit-frame>0</Hsp_hit-frame>
      <Hsp_identity>21</Hsp_identity>
      <Hsp_positive>24</Hsp_positive>
      <Hsp_gaps>0</Hsp_gaps>
      <Hsp_align-len>29</Hsp_align-len>
      <Hsp_qseq>VITDFMNQVGQGKRRALATNEWLRVPECD</Hsp_qseq>
      <Hsp_hseq>VIMDFMNQIGQTNRRALATDEWLRVEGCN</Hsp_hseq>
      <Hsp_midline>VI DFMNQ+GQ  RRALAT+EWLRV  C+</Hsp_midline>
    </Hsp>
  </Hit_hsps>
</Hit>
<Hit>
  <Hit_num>45</Hit_num>
  <Hit_id>gi|296084968|emb|CBI28383.3|</Hit_id>
  <Hit_def>unnamed protein product [Vitis vinifera]</Hit_def>
  <Hit_accession>CBI28383</Hit_accession>
  <Hit_len>575</Hit_len>
  <Hit_hsps>
    <Hsp>
      <Hsp_num>1</Hsp_num>
      <Hsp_bit-score>48.521</Hsp_bit-score>
      <Hsp_score>114</Hsp_score>
      <Hsp_evalue>2.29757e-05</Hsp_evalue>
      <Hsp_query-from>1</Hsp_query-from>
      <Hsp_query-to>87</Hsp_query-to>
      <Hsp_hit-from>332</Hsp_hit-from>
      <Hsp_hit-to>360</Hsp_hit-to>
      <Hsp_query-frame>1</Hsp_query-frame>
      <Hsp_hit-frame>0</Hsp_hit-frame>
      <Hsp_identity>21</Hsp_identity>
      <Hsp_positive>24</Hsp_positive>
      <Hsp_gaps>0</Hsp_gaps>
      <Hsp_align-len>29</Hsp_align-len>
      <Hsp_qseq>VITDFMNQVGQGKRRALATNEWLRVPECD</Hsp_qseq>
      <Hsp_hseq>VIMDFMNQIGQTNRRALATDEWLRVEGCN</Hsp_hseq>
      <Hsp_midline>VI DFMNQ+GQ  RRALAT+EWLRV  C+</Hsp_midline>
    </Hsp>
  </Hit_hsps>
</Hit>
<Hit>
  <Hit_num>46</Hit_num>
  <Hit_id>gi|449457690|ref|XP_004146581.1|</Hit_id>
  <Hit_def>PREDICTED: NAD(P)H dehydrogenase B3, mitochondrial-like [Cucumis sativus]</Hit_def>
  <Hit_accession>XP_004146581</Hit_accession>
  <Hit_len>584</Hit_len>
  <Hit_hsps>
    <Hsp>
      <Hsp_num>1</Hsp_num>
      <Hsp_bit-score>48.521</Hsp_bit-score>
      <Hsp_score>114</Hsp_score>
      <Hsp_evalue>2.40557e-05</Hsp_evalue>
      <Hsp_query-from>1</Hsp_query-from>
      <Hsp_query-to>87</Hsp_query-to>
      <Hsp_hit-from>339</Hsp_hit-from>
      <Hsp_hit-to>367</Hsp_hit-to>
      <Hsp_query-frame>1</Hsp_query-frame>
      <Hsp_hit-frame>0</Hsp_hit-frame>
      <Hsp_identity>20</Hsp_identity>
      <Hsp_positive>23</Hsp_positive>
      <Hsp_gaps>0</Hsp_gaps>
      <Hsp_align-len>29</Hsp_align-len>
      <Hsp_qseq>VITDFMNQVGQGKRRALATNEWLRVPECD</Hsp_qseq>
      <Hsp_hseq>IIKDFMTQIGQANRRALATDEWLRVEGCD</Hsp_hseq>
      <Hsp_midline>+I DFM Q+GQ  RRALAT+EWLRV  CD</Hsp_midline>
    </Hsp>
  </Hit_hsps>
</Hit>
<Hit>
  <Hit_num>47</Hit_num>
  <Hit_id>gi|508707424|gb|EOX99320.1|</Hit_id>
  <Hit_def>NAD(P)H dehydrogenase B1 isoform 3 [Theobroma cacao]</Hit_def>
  <Hit_accession>EOX99320</Hit_accession>
  <Hit_len>394</Hit_len>
  <Hit_hsps>
    <Hsp>
      <Hsp_num>1</Hsp_num>
      <Hsp_bit-score>48.1358</Hsp_bit-score>
      <Hsp_score>113</Hsp_score>
      <Hsp_evalue>2.55627e-05</Hsp_evalue>
      <Hsp_query-from>1</Hsp_query-from>
      <Hsp_query-to>84</Hsp_query-to>
      <Hsp_hit-from>338</Hsp_hit-from>
      <Hsp_hit-to>365</Hsp_hit-to>
      <Hsp_query-frame>1</Hsp_query-frame>
      <Hsp_hit-frame>0</Hsp_hit-frame>
      <Hsp_identity>19</Hsp_identity>
      <Hsp_positive>22</Hsp_positive>
      <Hsp_gaps>0</Hsp_gaps>
      <Hsp_align-len>28</Hsp_align-len>
      <Hsp_qseq>VITDFMNQVGQGKRRALATNEWLRVPEC</Hsp_qseq>
      <Hsp_hseq>VVKDFMGQIGQGSRRVLATDEWLRVKGC</Hsp_hseq>
      <Hsp_midline>V+ DFM Q+GQG RR LAT+EWLRV  C</Hsp_midline>
    </Hsp>
  </Hit_hsps>
</Hit>
<Hit>
  <Hit_num>48</Hit_num>
  <Hit_id>gi|228481023|gb|ACQ42211.1|</Hit_id>
  <Hit_def>putative mitochondrial type II NAD(P)H dehydrogenase [Actinidia deliciosa]</Hit_def>
  <Hit_accession>ACQ42211</Hit_accession>
  <Hit_len>217</Hit_len>
  <Hit_hsps>
    <Hsp>
      <Hsp_num>1</Hsp_num>
      <Hsp_bit-score>46.595</Hsp_bit-score>
      <Hsp_score>109</Hsp_score>
      <Hsp_evalue>2.94446e-05</Hsp_evalue>
      <Hsp_query-from>1</Hsp_query-from>
      <Hsp_query-to>87</Hsp_query-to>
      <Hsp_hit-from>1</Hsp_hit-from>
      <Hsp_hit-to>29</Hsp_hit-to>
      <Hsp_query-frame>1</Hsp_query-frame>
      <Hsp_hit-frame>0</Hsp_hit-frame>
      <Hsp_identity>20</Hsp_identity>
      <Hsp_positive>22</Hsp_positive>
      <Hsp_gaps>0</Hsp_gaps>
      <Hsp_align-len>29</Hsp_align-len>
      <Hsp_qseq>VITDFMNQVGQGKRRALATNEWLRVPECD</Hsp_qseq>
      <Hsp_hseq>VIMDFMKQIGQTNRRVLATDEWLRVEGCD</Hsp_hseq>
      <Hsp_midline>VI DFM Q+GQ  RR LAT+EWLRV  CD</Hsp_midline>
    </Hsp>
  </Hit_hsps>
</Hit>
<Hit>
  <Hit_num>49</Hit_num>
  <Hit_id>gi|255553899|ref|XP_002517990.1|</Hit_id>
  <Hit_def>NADH dehydrogenase, putative [Ricinus communis] &gt;gi|223542972|gb|EEF44508.1| NADH dehydrogenase, putative [Ricinus communis]</Hit_def>
  <Hit_accession>XP_002517990</Hit_accession>
  <Hit_len>536</Hit_len>
  <Hit_hsps>
    <Hsp>
      <Hsp_num>1</Hsp_num>
      <Hsp_bit-score>48.1358</Hsp_bit-score>
      <Hsp_score>113</Hsp_score>
      <Hsp_evalue>2.98637e-05</Hsp_evalue>
      <Hsp_query-from>1</Hsp_query-from>
      <Hsp_query-to>87</Hsp_query-to>
      <Hsp_hit-from>294</Hsp_hit-from>
      <Hsp_hit-to>322</Hsp_hit-to>
      <Hsp_query-frame>1</Hsp_query-frame>
      <Hsp_hit-frame>0</Hsp_hit-frame>
      <Hsp_identity>19</Hsp_identity>
      <Hsp_positive>23</Hsp_positive>
      <Hsp_gaps>0</Hsp_gaps>
      <Hsp_align-len>29</Hsp_align-len>
      <Hsp_qseq>VITDFMNQVGQGKRRALATNEWLRVPECD</Hsp_qseq>
      <Hsp_hseq>VVRDFMEQIGQAKRRVLATNEWLKVKGCE</Hsp_hseq>
      <Hsp_midline>V+ DFM Q+GQ KRR LATNEWL+V  C+</Hsp_midline>
    </Hsp>
  </Hit_hsps>
</Hit>
<Hit>
  <Hit_num>50</Hit_num>
  <Hit_id>gi|565450273|ref|XP_006285684.1|</Hit_id>
  <Hit_def>hypothetical protein CARUB_v10007154mg [Capsella rubella] &gt;gi|482554389|gb|EOA18582.1| hypothetical protein CARUB_v10007154mg [Capsella rubella]</Hit_def>
  <Hit_accession>XP_006285684</Hit_accession>
  <Hit_len>573</Hit_len>
  <Hit_hsps>
    <Hsp>
      <Hsp_num>1</Hsp_num>
      <Hsp_bit-score>48.1358</Hsp_bit-score>
      <Hsp_score>113</Hsp_score>
      <Hsp_evalue>3.27299e-05</Hsp_evalue>
      <Hsp_query-from>1</Hsp_query-from>
      <Hsp_query-to>87</Hsp_query-to>
      <Hsp_hit-from>331</Hsp_hit-from>
      <Hsp_hit-to>359</Hsp_hit-to>
      <Hsp_query-frame>1</Hsp_query-frame>
      <Hsp_hit-frame>0</Hsp_hit-frame>
      <Hsp_identity>21</Hsp_identity>
      <Hsp_positive>24</Hsp_positive>
      <Hsp_gaps>0</Hsp_gaps>
      <Hsp_align-len>29</Hsp_align-len>
      <Hsp_qseq>VITDFMNQVGQGKRRALATNEWLRVPECD</Hsp_qseq>
      <Hsp_hseq>VISDFMEQVGQEGRRALATNEWLQVKGCE</Hsp_hseq>
      <Hsp_midline>VI+DFM QVGQ  RRALATNEWL+V  C+</Hsp_midline>
    </Hsp>
  </Hit_hsps>
</Hit>
</Iteration_hits>
  <Iteration_stat>
    <Statistics>
      <Statistics_db-num>35200748</Statistics_db-num>
      <Statistics_db-len>12388037842</Statistics_db-len>
      <Statistics_hsp-len>0</Statistics_hsp-len>
      <Statistics_eff-space>0</Statistics_eff-space>
      <Statistics_kappa>0.041</Statistics_kappa>
      <Statistics_lambda>0.267</Statistics_lambda>
      <Statistics_entropy>0.14</Statistics_entropy>
    </Statistics>
  </Iteration_stat>
</Iteration>
</BlastOutput_iterations>
</BlastOutput>

