<?xml version="1.0"?>
<!DOCTYPE BlastOutput PUBLIC "-//NCBI//NCBI BlastOutput/EN" "http://www.ncbi.nlm.nih.gov/dtd/NCBI_BlastOutput.dtd">
<BlastOutput>
  <BlastOutput_program>blastx</BlastOutput_program>
  <BlastOutput_version>BLASTX 2.2.29+</BlastOutput_version>
  <BlastOutput_reference>Stephen F. Altschul, Thomas L. Madden, Alejandro A. Sch&amp;auml;ffer, Jinghui Zhang, Zheng Zhang, Webb Miller, and David J. Lipman (1997), &quot;Gapped BLAST and PSI-BLAST: a new generation of protein database search programs&quot;, Nucleic Acids Res. 25:3389-3402.</BlastOutput_reference>
  <BlastOutput_db>nr</BlastOutput_db>
  <BlastOutput_query-ID>21313</BlastOutput_query-ID>
  <BlastOutput_query-def>No definition line</BlastOutput_query-def>
  <BlastOutput_query-len>75</BlastOutput_query-len>
  <BlastOutput_param>
    <Parameters>
      <Parameters_matrix>BLOSUM62</Parameters_matrix>
      <Parameters_expect>10</Parameters_expect>
      <Parameters_gap-open>11</Parameters_gap-open>
      <Parameters_gap-extend>1</Parameters_gap-extend>
      <Parameters_filter>F</Parameters_filter>
    </Parameters>
  </BlastOutput_param>
<BlastOutput_iterations>
<Iteration>
  <Iteration_iter-num>1</Iteration_iter-num>
  <Iteration_query-ID>21313</Iteration_query-ID>
  <Iteration_query-def>No definition line</Iteration_query-def>
  <Iteration_query-len>75</Iteration_query-len>
<Iteration_hits>
<Hit>
  <Hit_num>1</Hit_num>
  <Hit_id>gi|22095163|emb|CAC86668.1|</Hit_id>
  <Hit_def>replication factor C large subunit [Triticum sp.]</Hit_def>
  <Hit_accession>CAC86668</Hit_accession>
  <Hit_len>543</Hit_len>
  <Hit_hsps>
    <Hsp>
      <Hsp_num>1</Hsp_num>
      <Hsp_bit-score>48.521</Hsp_bit-score>
      <Hsp_score>114</Hsp_score>
      <Hsp_evalue>1.48862e-05</Hsp_evalue>
      <Hsp_query-from>2</Hsp_query-from>
      <Hsp_query-to>73</Hsp_query-to>
      <Hsp_hit-from>67</Hsp_hit-from>
      <Hsp_hit-to>90</Hsp_hit-to>
      <Hsp_query-frame>2</Hsp_query-frame>
      <Hsp_hit-frame>0</Hsp_hit-frame>
      <Hsp_identity>24</Hsp_identity>
      <Hsp_positive>24</Hsp_positive>
      <Hsp_gaps>0</Hsp_gaps>
      <Hsp_align-len>24</Hsp_align-len>
      <Hsp_qseq>GMSAGDRGGVADLIASIKISKIPI</Hsp_qseq>
      <Hsp_hseq>GMSAGDRGGVADLIASIKISKIPI</Hsp_hseq>
      <Hsp_midline>GMSAGDRGGVADLIASIKISKIPI</Hsp_midline>
    </Hsp>
  </Hit_hsps>
</Hit>
<Hit>
  <Hit_num>2</Hit_num>
  <Hit_id>gi|356517673|ref|XP_003527511.1|</Hit_id>
  <Hit_def>PREDICTED: replication factor C subunit 1-like [Glycine max]</Hit_def>
  <Hit_accession>XP_003527511</Hit_accession>
  <Hit_len>947</Hit_len>
  <Hit_hsps>
    <Hsp>
      <Hsp_num>1</Hsp_num>
      <Hsp_bit-score>48.9062</Hsp_bit-score>
      <Hsp_score>115</Hsp_score>
      <Hsp_evalue>1.68024e-05</Hsp_evalue>
      <Hsp_query-from>2</Hsp_query-from>
      <Hsp_query-to>73</Hsp_query-to>
      <Hsp_hit-from>467</Hsp_hit-from>
      <Hsp_hit-to>490</Hsp_hit-to>
      <Hsp_query-frame>2</Hsp_query-frame>
      <Hsp_hit-frame>0</Hsp_hit-frame>
      <Hsp_identity>24</Hsp_identity>
      <Hsp_positive>24</Hsp_positive>
      <Hsp_gaps>0</Hsp_gaps>
      <Hsp_align-len>24</Hsp_align-len>
      <Hsp_qseq>GMSAGDRGGVADLIASIKISKIPI</Hsp_qseq>
      <Hsp_hseq>GMSAGDRGGVADLIASIKISKIPI</Hsp_hseq>
      <Hsp_midline>GMSAGDRGGVADLIASIKISKIPI</Hsp_midline>
    </Hsp>
  </Hit_hsps>
</Hit>
<Hit>
  <Hit_num>3</Hit_num>
  <Hit_id>gi|312282245|dbj|BAJ33988.1|</Hit_id>
  <Hit_def>unnamed protein product [Thellungiella halophila]</Hit_def>
  <Hit_accession>BAJ33988</Hit_accession>
  <Hit_len>933</Hit_len>
  <Hit_hsps>
    <Hsp>
      <Hsp_num>1</Hsp_num>
      <Hsp_bit-score>48.521</Hsp_bit-score>
      <Hsp_score>114</Hsp_score>
      <Hsp_evalue>1.80678e-05</Hsp_evalue>
      <Hsp_query-from>2</Hsp_query-from>
      <Hsp_query-to>73</Hsp_query-to>
      <Hsp_hit-from>456</Hsp_hit-from>
      <Hsp_hit-to>479</Hsp_hit-to>
      <Hsp_query-frame>2</Hsp_query-frame>
      <Hsp_hit-frame>0</Hsp_hit-frame>
      <Hsp_identity>24</Hsp_identity>
      <Hsp_positive>24</Hsp_positive>
      <Hsp_gaps>0</Hsp_gaps>
      <Hsp_align-len>24</Hsp_align-len>
      <Hsp_qseq>GMSAGDRGGVADLIASIKISKIPI</Hsp_qseq>
      <Hsp_hseq>GMSAGDRGGVADLIASIKISKIPI</Hsp_hseq>
      <Hsp_midline>GMSAGDRGGVADLIASIKISKIPI</Hsp_midline>
    </Hsp>
  </Hit_hsps>
</Hit>
<Hit>
  <Hit_num>4</Hit_num>
  <Hit_id>gi|561005512|gb|ESW04506.1|</Hit_id>
  <Hit_def>hypothetical protein PHAVU_011G100500g [Phaseolus vulgaris]</Hit_def>
  <Hit_accession>ESW04506</Hit_accession>
  <Hit_len>938</Hit_len>
  <Hit_hsps>
    <Hsp>
      <Hsp_num>1</Hsp_num>
      <Hsp_bit-score>48.521</Hsp_bit-score>
      <Hsp_score>114</Hsp_score>
      <Hsp_evalue>1.84414e-05</Hsp_evalue>
      <Hsp_query-from>2</Hsp_query-from>
      <Hsp_query-to>73</Hsp_query-to>
      <Hsp_hit-from>465</Hsp_hit-from>
      <Hsp_hit-to>488</Hsp_hit-to>
      <Hsp_query-frame>2</Hsp_query-frame>
      <Hsp_hit-frame>0</Hsp_hit-frame>
      <Hsp_identity>24</Hsp_identity>
      <Hsp_positive>24</Hsp_positive>
      <Hsp_gaps>0</Hsp_gaps>
      <Hsp_align-len>24</Hsp_align-len>
      <Hsp_qseq>GMSAGDRGGVADLIASIKISKIPI</Hsp_qseq>
      <Hsp_hseq>GMSAGDRGGVADLIASIKISKIPI</Hsp_hseq>
      <Hsp_midline>GMSAGDRGGVADLIASIKISKIPI</Hsp_midline>
    </Hsp>
  </Hit_hsps>
</Hit>
<Hit>
  <Hit_num>5</Hit_num>
  <Hit_id>gi|502145937|ref|XP_004506246.1|</Hit_id>
  <Hit_def>PREDICTED: replication factor C subunit 1-like [Cicer arietinum]</Hit_def>
  <Hit_accession>XP_004506246</Hit_accession>
  <Hit_len>997</Hit_len>
  <Hit_hsps>
    <Hsp>
      <Hsp_num>1</Hsp_num>
      <Hsp_bit-score>48.521</Hsp_bit-score>
      <Hsp_score>114</Hsp_score>
      <Hsp_evalue>1.96337e-05</Hsp_evalue>
      <Hsp_query-from>2</Hsp_query-from>
      <Hsp_query-to>73</Hsp_query-to>
      <Hsp_hit-from>519</Hsp_hit-from>
      <Hsp_hit-to>542</Hsp_hit-to>
      <Hsp_query-frame>2</Hsp_query-frame>
      <Hsp_hit-frame>0</Hsp_hit-frame>
      <Hsp_identity>24</Hsp_identity>
      <Hsp_positive>24</Hsp_positive>
      <Hsp_gaps>0</Hsp_gaps>
      <Hsp_align-len>24</Hsp_align-len>
      <Hsp_qseq>GMSAGDRGGVADLIASIKISKIPI</Hsp_qseq>
      <Hsp_hseq>GMSAGDRGGVADLIASIKISKIPI</Hsp_hseq>
      <Hsp_midline>GMSAGDRGGVADLIASIKISKIPI</Hsp_midline>
    </Hsp>
  </Hit_hsps>
</Hit>
<Hit>
  <Hit_num>6</Hit_num>
  <Hit_id>gi|557101796|gb|ESQ42159.1|</Hit_id>
  <Hit_def>hypothetical protein EUTSA_v10012587mg [Eutrema salsugineum]</Hit_def>
  <Hit_accession>ESQ42159</Hit_accession>
  <Hit_len>962</Hit_len>
  <Hit_hsps>
    <Hsp>
      <Hsp_num>1</Hsp_num>
      <Hsp_bit-score>48.521</Hsp_bit-score>
      <Hsp_score>114</Hsp_score>
      <Hsp_evalue>1.96524e-05</Hsp_evalue>
      <Hsp_query-from>2</Hsp_query-from>
      <Hsp_query-to>73</Hsp_query-to>
      <Hsp_hit-from>485</Hsp_hit-from>
      <Hsp_hit-to>508</Hsp_hit-to>
      <Hsp_query-frame>2</Hsp_query-frame>
      <Hsp_hit-frame>0</Hsp_hit-frame>
      <Hsp_identity>24</Hsp_identity>
      <Hsp_positive>24</Hsp_positive>
      <Hsp_gaps>0</Hsp_gaps>
      <Hsp_align-len>24</Hsp_align-len>
      <Hsp_qseq>GMSAGDRGGVADLIASIKISKIPI</Hsp_qseq>
      <Hsp_hseq>GMSAGDRGGVADLIASIKISKIPI</Hsp_hseq>
      <Hsp_midline>GMSAGDRGGVADLIASIKISKIPI</Hsp_midline>
    </Hsp>
  </Hit_hsps>
</Hit>
<Hit>
  <Hit_num>7</Hit_num>
  <Hit_id>gi|356544778|ref|XP_003540824.1|</Hit_id>
  <Hit_def>PREDICTED: replication factor C subunit 1-like [Glycine max]</Hit_def>
  <Hit_accession>XP_003540824</Hit_accession>
  <Hit_len>1112</Hit_len>
  <Hit_hsps>
    <Hsp>
      <Hsp_num>1</Hsp_num>
      <Hsp_bit-score>48.521</Hsp_bit-score>
      <Hsp_score>114</Hsp_score>
      <Hsp_evalue>1.97314e-05</Hsp_evalue>
      <Hsp_query-from>2</Hsp_query-from>
      <Hsp_query-to>73</Hsp_query-to>
      <Hsp_hit-from>635</Hsp_hit-from>
      <Hsp_hit-to>658</Hsp_hit-to>
      <Hsp_query-frame>2</Hsp_query-frame>
      <Hsp_hit-frame>0</Hsp_hit-frame>
      <Hsp_identity>24</Hsp_identity>
      <Hsp_positive>24</Hsp_positive>
      <Hsp_gaps>0</Hsp_gaps>
      <Hsp_align-len>24</Hsp_align-len>
      <Hsp_qseq>GMSAGDRGGVADLIASIKISKIPI</Hsp_qseq>
      <Hsp_hseq>GMSAGDRGGVADLIASIKISKIPI</Hsp_hseq>
      <Hsp_midline>GMSAGDRGGVADLIASIKISKIPI</Hsp_midline>
    </Hsp>
  </Hit_hsps>
</Hit>
<Hit>
  <Hit_num>8</Hit_num>
  <Hit_id>gi|566150314|ref|XP_002298160.2|</Hit_id>
  <Hit_def>hypothetical protein POPTR_0001s22140g [Populus trichocarpa] &gt;gi|550347876|gb|EEE82965.2| hypothetical protein POPTR_0001s22140g [Populus trichocarpa]</Hit_def>
  <Hit_accession>XP_002298160</Hit_accession>
  <Hit_len>981</Hit_len>
  <Hit_hsps>
    <Hsp>
      <Hsp_num>1</Hsp_num>
      <Hsp_bit-score>48.521</Hsp_bit-score>
      <Hsp_score>114</Hsp_score>
      <Hsp_evalue>1.99353e-05</Hsp_evalue>
      <Hsp_query-from>2</Hsp_query-from>
      <Hsp_query-to>73</Hsp_query-to>
      <Hsp_hit-from>482</Hsp_hit-from>
      <Hsp_hit-to>505</Hsp_hit-to>
      <Hsp_query-frame>2</Hsp_query-frame>
      <Hsp_hit-frame>0</Hsp_hit-frame>
      <Hsp_identity>24</Hsp_identity>
      <Hsp_positive>24</Hsp_positive>
      <Hsp_gaps>0</Hsp_gaps>
      <Hsp_align-len>24</Hsp_align-len>
      <Hsp_qseq>GMSAGDRGGVADLIASIKISKIPI</Hsp_qseq>
      <Hsp_hseq>GMSAGDRGGVADLIASIKISKIPI</Hsp_hseq>
      <Hsp_midline>GMSAGDRGGVADLIASIKISKIPI</Hsp_midline>
    </Hsp>
  </Hit_hsps>
</Hit>
<Hit>
  <Hit_num>9</Hit_num>
  <Hit_id>gi|565458017|ref|XP_006287008.1|</Hit_id>
  <Hit_def>hypothetical protein CARUB_v10000156mg [Capsella rubella] &gt;gi|482555714|gb|EOA19906.1| hypothetical protein CARUB_v10000156mg [Capsella rubella]</Hit_def>
  <Hit_accession>XP_006287008</Hit_accession>
  <Hit_len>953</Hit_len>
  <Hit_hsps>
    <Hsp>
      <Hsp_num>1</Hsp_num>
      <Hsp_bit-score>48.521</Hsp_bit-score>
      <Hsp_score>114</Hsp_score>
      <Hsp_evalue>2.037e-05</Hsp_evalue>
      <Hsp_query-from>2</Hsp_query-from>
      <Hsp_query-to>73</Hsp_query-to>
      <Hsp_hit-from>476</Hsp_hit-from>
      <Hsp_hit-to>499</Hsp_hit-to>
      <Hsp_query-frame>2</Hsp_query-frame>
      <Hsp_hit-frame>0</Hsp_hit-frame>
      <Hsp_identity>24</Hsp_identity>
      <Hsp_positive>24</Hsp_positive>
      <Hsp_gaps>0</Hsp_gaps>
      <Hsp_align-len>24</Hsp_align-len>
      <Hsp_qseq>GMSAGDRGGVADLIASIKISKIPI</Hsp_qseq>
      <Hsp_hseq>GMSAGDRGGVADLIASIKISKIPI</Hsp_hseq>
      <Hsp_midline>GMSAGDRGGVADLIASIKISKIPI</Hsp_midline>
    </Hsp>
  </Hit_hsps>
</Hit>
<Hit>
  <Hit_num>10</Hit_num>
  <Hit_id>gi|460394045|ref|XP_004242616.1|</Hit_id>
  <Hit_def>PREDICTED: replication factor C subunit 1-like [Solanum lycopersicum]</Hit_def>
  <Hit_accession>XP_004242616</Hit_accession>
  <Hit_len>1012</Hit_len>
  <Hit_hsps>
    <Hsp>
      <Hsp_num>1</Hsp_num>
      <Hsp_bit-score>48.521</Hsp_bit-score>
      <Hsp_score>114</Hsp_score>
      <Hsp_evalue>2.12649e-05</Hsp_evalue>
      <Hsp_query-from>2</Hsp_query-from>
      <Hsp_query-to>73</Hsp_query-to>
      <Hsp_hit-from>530</Hsp_hit-from>
      <Hsp_hit-to>553</Hsp_hit-to>
      <Hsp_query-frame>2</Hsp_query-frame>
      <Hsp_hit-frame>0</Hsp_hit-frame>
      <Hsp_identity>24</Hsp_identity>
      <Hsp_positive>24</Hsp_positive>
      <Hsp_gaps>0</Hsp_gaps>
      <Hsp_align-len>24</Hsp_align-len>
      <Hsp_qseq>GMSAGDRGGVADLIASIKISKIPI</Hsp_qseq>
      <Hsp_hseq>GMSAGDRGGVADLIASIKISKIPI</Hsp_hseq>
      <Hsp_midline>GMSAGDRGGVADLIASIKISKIPI</Hsp_midline>
    </Hsp>
  </Hit_hsps>
</Hit>
<Hit>
  <Hit_num>11</Hit_num>
  <Hit_id>gi|548830733|gb|ERM93656.1|</Hit_id>
  <Hit_def>hypothetical protein AMTR_s00004p00160120 [Amborella trichopoda]</Hit_def>
  <Hit_accession>ERM93656</Hit_accession>
  <Hit_len>725</Hit_len>
  <Hit_hsps>
    <Hsp>
      <Hsp_num>1</Hsp_num>
      <Hsp_bit-score>48.521</Hsp_bit-score>
      <Hsp_score>114</Hsp_score>
      <Hsp_evalue>2.127e-05</Hsp_evalue>
      <Hsp_query-from>2</Hsp_query-from>
      <Hsp_query-to>73</Hsp_query-to>
      <Hsp_hit-from>505</Hsp_hit-from>
      <Hsp_hit-to>528</Hsp_hit-to>
      <Hsp_query-frame>2</Hsp_query-frame>
      <Hsp_hit-frame>0</Hsp_hit-frame>
      <Hsp_identity>24</Hsp_identity>
      <Hsp_positive>24</Hsp_positive>
      <Hsp_gaps>0</Hsp_gaps>
      <Hsp_align-len>24</Hsp_align-len>
      <Hsp_qseq>GMSAGDRGGVADLIASIKISKIPI</Hsp_qseq>
      <Hsp_hseq>GMSAGDRGGVADLIASIKISKIPI</Hsp_hseq>
      <Hsp_midline>GMSAGDRGGVADLIASIKISKIPI</Hsp_midline>
    </Hsp>
  </Hit_hsps>
</Hit>
<Hit>
  <Hit_num>12</Hit_num>
  <Hit_id>gi|565353386|ref|XP_006343613.1|</Hit_id>
  <Hit_def>PREDICTED: replication factor C subunit 1-like isoform X2 [Solanum tuberosum]</Hit_def>
  <Hit_accession>XP_006343613</Hit_accession>
  <Hit_len>992</Hit_len>
  <Hit_hsps>
    <Hsp>
      <Hsp_num>1</Hsp_num>
      <Hsp_bit-score>48.521</Hsp_bit-score>
      <Hsp_score>114</Hsp_score>
      <Hsp_evalue>2.13691e-05</Hsp_evalue>
      <Hsp_query-from>2</Hsp_query-from>
      <Hsp_query-to>73</Hsp_query-to>
      <Hsp_hit-from>510</Hsp_hit-from>
      <Hsp_hit-to>533</Hsp_hit-to>
      <Hsp_query-frame>2</Hsp_query-frame>
      <Hsp_hit-frame>0</Hsp_hit-frame>
      <Hsp_identity>24</Hsp_identity>
      <Hsp_positive>24</Hsp_positive>
      <Hsp_gaps>0</Hsp_gaps>
      <Hsp_align-len>24</Hsp_align-len>
      <Hsp_qseq>GMSAGDRGGVADLIASIKISKIPI</Hsp_qseq>
      <Hsp_hseq>GMSAGDRGGVADLIASIKISKIPI</Hsp_hseq>
      <Hsp_midline>GMSAGDRGGVADLIASIKISKIPI</Hsp_midline>
    </Hsp>
  </Hit_hsps>
</Hit>
<Hit>
  <Hit_num>13</Hit_num>
  <Hit_id>gi|302760479|ref|XP_002963662.1|</Hit_id>
  <Hit_def>hypothetical protein SELMODRAFT_80248 [Selaginella moellendorffii] &gt;gi|300168930|gb|EFJ35533.1| hypothetical protein SELMODRAFT_80248 [Selaginella moellendorffii]</Hit_def>
  <Hit_accession>XP_002963662</Hit_accession>
  <Hit_len>465</Hit_len>
  <Hit_hsps>
    <Hsp>
      <Hsp_num>1</Hsp_num>
      <Hsp_bit-score>48.1358</Hsp_bit-score>
      <Hsp_score>113</Hsp_score>
      <Hsp_evalue>2.1762e-05</Hsp_evalue>
      <Hsp_query-from>2</Hsp_query-from>
      <Hsp_query-to>73</Hsp_query-to>
      <Hsp_hit-from>55</Hsp_hit-from>
      <Hsp_hit-to>78</Hsp_hit-to>
      <Hsp_query-frame>2</Hsp_query-frame>
      <Hsp_hit-frame>0</Hsp_hit-frame>
      <Hsp_identity>23</Hsp_identity>
      <Hsp_positive>24</Hsp_positive>
      <Hsp_gaps>0</Hsp_gaps>
      <Hsp_align-len>24</Hsp_align-len>
      <Hsp_qseq>GMSAGDRGGVADLIASIKISKIPI</Hsp_qseq>
      <Hsp_hseq>GMSAGDRGGVADLIASIKISKVPI</Hsp_hseq>
      <Hsp_midline>GMSAGDRGGVADLIASIKISK+PI</Hsp_midline>
    </Hsp>
  </Hit_hsps>
</Hit>
<Hit>
  <Hit_num>14</Hit_num>
  <Hit_id>gi|565353384|ref|XP_006343612.1|</Hit_id>
  <Hit_def>PREDICTED: replication factor C subunit 1-like isoform X1 [Solanum tuberosum]</Hit_def>
  <Hit_accession>XP_006343612</Hit_accession>
  <Hit_len>993</Hit_len>
  <Hit_hsps>
    <Hsp>
      <Hsp_num>1</Hsp_num>
      <Hsp_bit-score>48.521</Hsp_bit-score>
      <Hsp_score>114</Hsp_score>
      <Hsp_evalue>2.19949e-05</Hsp_evalue>
      <Hsp_query-from>2</Hsp_query-from>
      <Hsp_query-to>73</Hsp_query-to>
      <Hsp_hit-from>510</Hsp_hit-from>
      <Hsp_hit-to>533</Hsp_hit-to>
      <Hsp_query-frame>2</Hsp_query-frame>
      <Hsp_hit-frame>0</Hsp_hit-frame>
      <Hsp_identity>24</Hsp_identity>
      <Hsp_positive>24</Hsp_positive>
      <Hsp_gaps>0</Hsp_gaps>
      <Hsp_align-len>24</Hsp_align-len>
      <Hsp_qseq>GMSAGDRGGVADLIASIKISKIPI</Hsp_qseq>
      <Hsp_hseq>GMSAGDRGGVADLIASIKISKIPI</Hsp_hseq>
      <Hsp_midline>GMSAGDRGGVADLIASIKISKIPI</Hsp_midline>
    </Hsp>
  </Hit_hsps>
</Hit>
<Hit>
  <Hit_num>15</Hit_num>
  <Hit_id>gi|297812313|ref|XP_002874040.1|</Hit_id>
  <Hit_def>AAA-type ATPase family protein [Arabidopsis lyrata subsp. lyrata] &gt;gi|297319877|gb|EFH50299.1| AAA-type ATPase family protein [Arabidopsis lyrata subsp. lyrata]</Hit_def>
  <Hit_accession>XP_002874040</Hit_accession>
  <Hit_len>960</Hit_len>
  <Hit_hsps>
    <Hsp>
      <Hsp_num>1</Hsp_num>
      <Hsp_bit-score>48.521</Hsp_bit-score>
      <Hsp_score>114</Hsp_score>
      <Hsp_evalue>2.24508e-05</Hsp_evalue>
      <Hsp_query-from>2</Hsp_query-from>
      <Hsp_query-to>73</Hsp_query-to>
      <Hsp_hit-from>483</Hsp_hit-from>
      <Hsp_hit-to>506</Hsp_hit-to>
      <Hsp_query-frame>2</Hsp_query-frame>
      <Hsp_hit-frame>0</Hsp_hit-frame>
      <Hsp_identity>24</Hsp_identity>
      <Hsp_positive>24</Hsp_positive>
      <Hsp_gaps>0</Hsp_gaps>
      <Hsp_align-len>24</Hsp_align-len>
      <Hsp_qseq>GMSAGDRGGVADLIASIKISKIPI</Hsp_qseq>
      <Hsp_hseq>GMSAGDRGGVADLIASIKISKIPI</Hsp_hseq>
      <Hsp_midline>GMSAGDRGGVADLIASIKISKIPI</Hsp_midline>
    </Hsp>
  </Hit_hsps>
</Hit>
<Hit>
  <Hit_num>16</Hit_num>
  <Hit_id>gi|514809386|ref|XP_004979519.1|</Hit_id>
  <Hit_def>PREDICTED: replication factor C subunit 1-like [Setaria italica]</Hit_def>
  <Hit_accession>XP_004979519</Hit_accession>
  <Hit_len>989</Hit_len>
  <Hit_hsps>
    <Hsp>
      <Hsp_num>1</Hsp_num>
      <Hsp_bit-score>48.521</Hsp_bit-score>
      <Hsp_score>114</Hsp_score>
      <Hsp_evalue>2.28289e-05</Hsp_evalue>
      <Hsp_query-from>2</Hsp_query-from>
      <Hsp_query-to>73</Hsp_query-to>
      <Hsp_hit-from>512</Hsp_hit-from>
      <Hsp_hit-to>535</Hsp_hit-to>
      <Hsp_query-frame>2</Hsp_query-frame>
      <Hsp_hit-frame>0</Hsp_hit-frame>
      <Hsp_identity>24</Hsp_identity>
      <Hsp_positive>24</Hsp_positive>
      <Hsp_gaps>0</Hsp_gaps>
      <Hsp_align-len>24</Hsp_align-len>
      <Hsp_qseq>GMSAGDRGGVADLIASIKISKIPI</Hsp_qseq>
      <Hsp_hseq>GMSAGDRGGVADLIASIKISKIPI</Hsp_hseq>
      <Hsp_midline>GMSAGDRGGVADLIASIKISKIPI</Hsp_midline>
    </Hsp>
  </Hit_hsps>
</Hit>
<Hit>
  <Hit_num>17</Hit_num>
  <Hit_id>gi|22326948|ref|NP_680188.1|</Hit_id>
  <Hit_def>replication factor C1 [Arabidopsis thaliana] &gt;gi|75168909|sp|Q9C587.1|RFC1_ARATH RecName: Full=Replication factor C subunit 1; Short=AtRFC1; AltName: Full=Activator 1 large subunit; AltName: Full=Activator 1 subunit 1 &gt;gi|13374860|emb|CAC34494.1| replication factor C large subunit-like protein [Arabidopsis thaliana] &gt;gi|48958527|gb|AAT47816.1| At5g22010 [Arabidopsis thaliana] &gt;gi|332005585|gb|AED92968.1| replication factor C1 [Arabidopsis thaliana]</Hit_def>
  <Hit_accession>NP_680188</Hit_accession>
  <Hit_len>956</Hit_len>
  <Hit_hsps>
    <Hsp>
      <Hsp_num>1</Hsp_num>
      <Hsp_bit-score>48.521</Hsp_bit-score>
      <Hsp_score>114</Hsp_score>
      <Hsp_evalue>2.33006e-05</Hsp_evalue>
      <Hsp_query-from>2</Hsp_query-from>
      <Hsp_query-to>73</Hsp_query-to>
      <Hsp_hit-from>479</Hsp_hit-from>
      <Hsp_hit-to>502</Hsp_hit-to>
      <Hsp_query-frame>2</Hsp_query-frame>
      <Hsp_hit-frame>0</Hsp_hit-frame>
      <Hsp_identity>24</Hsp_identity>
      <Hsp_positive>24</Hsp_positive>
      <Hsp_gaps>0</Hsp_gaps>
      <Hsp_align-len>24</Hsp_align-len>
      <Hsp_qseq>GMSAGDRGGVADLIASIKISKIPI</Hsp_qseq>
      <Hsp_hseq>GMSAGDRGGVADLIASIKISKIPI</Hsp_hseq>
      <Hsp_midline>GMSAGDRGGVADLIASIKISKIPI</Hsp_midline>
    </Hsp>
  </Hit_hsps>
</Hit>
<Hit>
  <Hit_num>18</Hit_num>
  <Hit_id>gi|462394403|gb|EMJ00202.1|</Hit_id>
  <Hit_def>hypothetical protein PRUPE_ppa000922mg [Prunus persica]</Hit_def>
  <Hit_accession>EMJ00202</Hit_accession>
  <Hit_len>961</Hit_len>
  <Hit_hsps>
    <Hsp>
      <Hsp_num>1</Hsp_num>
      <Hsp_bit-score>48.521</Hsp_bit-score>
      <Hsp_score>114</Hsp_score>
      <Hsp_evalue>2.378e-05</Hsp_evalue>
      <Hsp_query-from>2</Hsp_query-from>
      <Hsp_query-to>73</Hsp_query-to>
      <Hsp_hit-from>482</Hsp_hit-from>
      <Hsp_hit-to>505</Hsp_hit-to>
      <Hsp_query-frame>2</Hsp_query-frame>
      <Hsp_hit-frame>0</Hsp_hit-frame>
      <Hsp_identity>23</Hsp_identity>
      <Hsp_positive>24</Hsp_positive>
      <Hsp_gaps>0</Hsp_gaps>
      <Hsp_align-len>24</Hsp_align-len>
      <Hsp_qseq>GMSAGDRGGVADLIASIKISKIPI</Hsp_qseq>
      <Hsp_hseq>GMSAGDRGGVADLIASIKISKIPV</Hsp_hseq>
      <Hsp_midline>GMSAGDRGGVADLIASIKISKIP+</Hsp_midline>
    </Hsp>
  </Hit_hsps>
</Hit>
<Hit>
  <Hit_num>19</Hit_num>
  <Hit_id>gi|147867164|emb|CAN82054.1|</Hit_id>
  <Hit_def>hypothetical protein VITISV_029381 [Vitis vinifera]</Hit_def>
  <Hit_accession>CAN82054</Hit_accession>
  <Hit_len>783</Hit_len>
  <Hit_hsps>
    <Hsp>
      <Hsp_num>1</Hsp_num>
      <Hsp_bit-score>48.1358</Hsp_bit-score>
      <Hsp_score>113</Hsp_score>
      <Hsp_evalue>2.42466e-05</Hsp_evalue>
      <Hsp_query-from>2</Hsp_query-from>
      <Hsp_query-to>73</Hsp_query-to>
      <Hsp_hit-from>450</Hsp_hit-from>
      <Hsp_hit-to>473</Hsp_hit-to>
      <Hsp_query-frame>2</Hsp_query-frame>
      <Hsp_hit-frame>0</Hsp_hit-frame>
      <Hsp_identity>24</Hsp_identity>
      <Hsp_positive>24</Hsp_positive>
      <Hsp_gaps>0</Hsp_gaps>
      <Hsp_align-len>24</Hsp_align-len>
      <Hsp_qseq>GMSAGDRGGVADLIASIKISKIPI</Hsp_qseq>
      <Hsp_hseq>GMSAGDRGGVADLIASIKISKIPI</Hsp_hseq>
      <Hsp_midline>GMSAGDRGGVADLIASIKISKIPI</Hsp_midline>
    </Hsp>
  </Hit_hsps>
</Hit>
<Hit>
  <Hit_num>20</Hit_num>
  <Hit_id>gi|242068901|ref|XP_002449727.1|</Hit_id>
  <Hit_def>hypothetical protein SORBIDRAFT_05g022200 [Sorghum bicolor] &gt;gi|241935570|gb|EES08715.1| hypothetical protein SORBIDRAFT_05g022200 [Sorghum bicolor]</Hit_def>
  <Hit_accession>XP_002449727</Hit_accession>
  <Hit_len>946</Hit_len>
  <Hit_hsps>
    <Hsp>
      <Hsp_num>1</Hsp_num>
      <Hsp_bit-score>48.1358</Hsp_bit-score>
      <Hsp_score>113</Hsp_score>
      <Hsp_evalue>2.43761e-05</Hsp_evalue>
      <Hsp_query-from>2</Hsp_query-from>
      <Hsp_query-to>73</Hsp_query-to>
      <Hsp_hit-from>470</Hsp_hit-from>
      <Hsp_hit-to>493</Hsp_hit-to>
      <Hsp_query-frame>2</Hsp_query-frame>
      <Hsp_hit-frame>0</Hsp_hit-frame>
      <Hsp_identity>24</Hsp_identity>
      <Hsp_positive>24</Hsp_positive>
      <Hsp_gaps>0</Hsp_gaps>
      <Hsp_align-len>24</Hsp_align-len>
      <Hsp_qseq>GMSAGDRGGVADLIASIKISKIPI</Hsp_qseq>
      <Hsp_hseq>GMSAGDRGGVADLIASIKISKIPI</Hsp_hseq>
      <Hsp_midline>GMSAGDRGGVADLIASIKISKIPI</Hsp_midline>
    </Hsp>
  </Hit_hsps>
</Hit>
<Hit>
  <Hit_num>21</Hit_num>
  <Hit_id>gi|414591589|tpg|DAA42160.1|</Hit_id>
  <Hit_def>TPA: hypothetical protein ZEAMMB73_255627 [Zea mays]</Hit_def>
  <Hit_accession>DAA42160</Hit_accession>
  <Hit_len>985</Hit_len>
  <Hit_hsps>
    <Hsp>
      <Hsp_num>1</Hsp_num>
      <Hsp_bit-score>48.1358</Hsp_bit-score>
      <Hsp_score>113</Hsp_score>
      <Hsp_evalue>2.43824e-05</Hsp_evalue>
      <Hsp_query-from>2</Hsp_query-from>
      <Hsp_query-to>73</Hsp_query-to>
      <Hsp_hit-from>507</Hsp_hit-from>
      <Hsp_hit-to>530</Hsp_hit-to>
      <Hsp_query-frame>2</Hsp_query-frame>
      <Hsp_hit-frame>0</Hsp_hit-frame>
      <Hsp_identity>24</Hsp_identity>
      <Hsp_positive>24</Hsp_positive>
      <Hsp_gaps>0</Hsp_gaps>
      <Hsp_align-len>24</Hsp_align-len>
      <Hsp_qseq>GMSAGDRGGVADLIASIKISKIPI</Hsp_qseq>
      <Hsp_hseq>GMSAGDRGGVADLIASIKISKIPI</Hsp_hseq>
      <Hsp_midline>GMSAGDRGGVADLIASIKISKIPI</Hsp_midline>
    </Hsp>
  </Hit_hsps>
</Hit>
<Hit>
  <Hit_num>22</Hit_num>
  <Hit_id>gi|242049958|ref|XP_002462723.1|</Hit_id>
  <Hit_def>hypothetical protein SORBIDRAFT_02g030910 [Sorghum bicolor] &gt;gi|241926100|gb|EER99244.1| hypothetical protein SORBIDRAFT_02g030910 [Sorghum bicolor]</Hit_def>
  <Hit_accession>XP_002462723</Hit_accession>
  <Hit_len>1025</Hit_len>
  <Hit_hsps>
    <Hsp>
      <Hsp_num>1</Hsp_num>
      <Hsp_bit-score>48.1358</Hsp_bit-score>
      <Hsp_score>113</Hsp_score>
      <Hsp_evalue>2.46075e-05</Hsp_evalue>
      <Hsp_query-from>2</Hsp_query-from>
      <Hsp_query-to>73</Hsp_query-to>
      <Hsp_hit-from>548</Hsp_hit-from>
      <Hsp_hit-to>571</Hsp_hit-to>
      <Hsp_query-frame>2</Hsp_query-frame>
      <Hsp_hit-frame>0</Hsp_hit-frame>
      <Hsp_identity>24</Hsp_identity>
      <Hsp_positive>24</Hsp_positive>
      <Hsp_gaps>0</Hsp_gaps>
      <Hsp_align-len>24</Hsp_align-len>
      <Hsp_qseq>GMSAGDRGGVADLIASIKISKIPI</Hsp_qseq>
      <Hsp_hseq>GMSAGDRGGVADLIASIKISKIPI</Hsp_hseq>
      <Hsp_midline>GMSAGDRGGVADLIASIKISKIPI</Hsp_midline>
    </Hsp>
  </Hit_hsps>
</Hit>
<Hit>
  <Hit_num>23</Hit_num>
  <Hit_id>gi|475577686|gb|EMT17883.1|</Hit_id>
  <Hit_def>Replication factor C subunit 1 [Aegilops tauschii]</Hit_def>
  <Hit_accession>EMT17883</Hit_accession>
  <Hit_len>1058</Hit_len>
  <Hit_hsps>
    <Hsp>
      <Hsp_num>1</Hsp_num>
      <Hsp_bit-score>48.1358</Hsp_bit-score>
      <Hsp_score>113</Hsp_score>
      <Hsp_evalue>2.47805e-05</Hsp_evalue>
      <Hsp_query-from>2</Hsp_query-from>
      <Hsp_query-to>73</Hsp_query-to>
      <Hsp_hit-from>614</Hsp_hit-from>
      <Hsp_hit-to>637</Hsp_hit-to>
      <Hsp_query-frame>2</Hsp_query-frame>
      <Hsp_hit-frame>0</Hsp_hit-frame>
      <Hsp_identity>24</Hsp_identity>
      <Hsp_positive>24</Hsp_positive>
      <Hsp_gaps>0</Hsp_gaps>
      <Hsp_align-len>24</Hsp_align-len>
      <Hsp_qseq>GMSAGDRGGVADLIASIKISKIPI</Hsp_qseq>
      <Hsp_hseq>GMSAGDRGGVADLIASIKISKIPI</Hsp_hseq>
      <Hsp_midline>GMSAGDRGGVADLIASIKISKIPI</Hsp_midline>
    </Hsp>
  </Hit_hsps>
</Hit>
<Hit>
  <Hit_num>24</Hit_num>
  <Hit_id>gi|359479291|ref|XP_002265891.2|</Hit_id>
  <Hit_def>PREDICTED: replication factor C subunit 1-like [Vitis vinifera]</Hit_def>
  <Hit_accession>XP_002265891</Hit_accession>
  <Hit_len>933</Hit_len>
  <Hit_hsps>
    <Hsp>
      <Hsp_num>1</Hsp_num>
      <Hsp_bit-score>48.1358</Hsp_bit-score>
      <Hsp_score>113</Hsp_score>
      <Hsp_evalue>2.49974e-05</Hsp_evalue>
      <Hsp_query-from>2</Hsp_query-from>
      <Hsp_query-to>73</Hsp_query-to>
      <Hsp_hit-from>453</Hsp_hit-from>
      <Hsp_hit-to>476</Hsp_hit-to>
      <Hsp_query-frame>2</Hsp_query-frame>
      <Hsp_hit-frame>0</Hsp_hit-frame>
      <Hsp_identity>24</Hsp_identity>
      <Hsp_positive>24</Hsp_positive>
      <Hsp_gaps>0</Hsp_gaps>
      <Hsp_align-len>24</Hsp_align-len>
      <Hsp_qseq>GMSAGDRGGVADLIASIKISKIPI</Hsp_qseq>
      <Hsp_hseq>GMSAGDRGGVADLIASIKISKIPI</Hsp_hseq>
      <Hsp_midline>GMSAGDRGGVADLIASIKISKIPI</Hsp_midline>
    </Hsp>
  </Hit_hsps>
</Hit>
<Hit>
  <Hit_num>25</Hit_num>
  <Hit_id>gi|296083902|emb|CBI24290.3|</Hit_id>
  <Hit_def>unnamed protein product [Vitis vinifera]</Hit_def>
  <Hit_accession>CBI24290</Hit_accession>
  <Hit_len>941</Hit_len>
  <Hit_hsps>
    <Hsp>
      <Hsp_num>1</Hsp_num>
      <Hsp_bit-score>48.1358</Hsp_bit-score>
      <Hsp_score>113</Hsp_score>
      <Hsp_evalue>2.50511e-05</Hsp_evalue>
      <Hsp_query-from>2</Hsp_query-from>
      <Hsp_query-to>73</Hsp_query-to>
      <Hsp_hit-from>461</Hsp_hit-from>
      <Hsp_hit-to>484</Hsp_hit-to>
      <Hsp_query-frame>2</Hsp_query-frame>
      <Hsp_hit-frame>0</Hsp_hit-frame>
      <Hsp_identity>24</Hsp_identity>
      <Hsp_positive>24</Hsp_positive>
      <Hsp_gaps>0</Hsp_gaps>
      <Hsp_align-len>24</Hsp_align-len>
      <Hsp_qseq>GMSAGDRGGVADLIASIKISKIPI</Hsp_qseq>
      <Hsp_hseq>GMSAGDRGGVADLIASIKISKIPI</Hsp_hseq>
      <Hsp_midline>GMSAGDRGGVADLIASIKISKIPI</Hsp_midline>
    </Hsp>
  </Hit_hsps>
</Hit>
<Hit>
  <Hit_num>26</Hit_num>
  <Hit_id>gi|357151909|ref|XP_003575946.1|</Hit_id>
  <Hit_def>PREDICTED: replication factor C subunit 1-like [Brachypodium distachyon]</Hit_def>
  <Hit_accession>XP_003575946</Hit_accession>
  <Hit_len>1048</Hit_len>
  <Hit_hsps>
    <Hsp>
      <Hsp_num>1</Hsp_num>
      <Hsp_bit-score>48.1358</Hsp_bit-score>
      <Hsp_score>113</Hsp_score>
      <Hsp_evalue>2.77271e-05</Hsp_evalue>
      <Hsp_query-from>2</Hsp_query-from>
      <Hsp_query-to>73</Hsp_query-to>
      <Hsp_hit-from>574</Hsp_hit-from>
      <Hsp_hit-to>597</Hsp_hit-to>
      <Hsp_query-frame>2</Hsp_query-frame>
      <Hsp_hit-frame>0</Hsp_hit-frame>
      <Hsp_identity>24</Hsp_identity>
      <Hsp_positive>24</Hsp_positive>
      <Hsp_gaps>0</Hsp_gaps>
      <Hsp_align-len>24</Hsp_align-len>
      <Hsp_qseq>GMSAGDRGGVADLIASIKISKIPI</Hsp_qseq>
      <Hsp_hseq>GMSAGDRGGVADLIASIKISKIPI</Hsp_hseq>
      <Hsp_midline>GMSAGDRGGVADLIASIKISKIPI</Hsp_midline>
    </Hsp>
  </Hit_hsps>
</Hit>
<Hit>
  <Hit_num>27</Hit_num>
  <Hit_id>gi|449481177|ref|XP_004156105.1|</Hit_id>
  <Hit_def>PREDICTED: replication factor C subunit 1-like [Cucumis sativus]</Hit_def>
  <Hit_accession>XP_004156105</Hit_accession>
  <Hit_len>942</Hit_len>
  <Hit_hsps>
    <Hsp>
      <Hsp_num>1</Hsp_num>
      <Hsp_bit-score>47.7506</Hsp_bit-score>
      <Hsp_score>112</Hsp_score>
      <Hsp_evalue>3.40077e-05</Hsp_evalue>
      <Hsp_query-from>2</Hsp_query-from>
      <Hsp_query-to>73</Hsp_query-to>
      <Hsp_hit-from>463</Hsp_hit-from>
      <Hsp_hit-to>486</Hsp_hit-to>
      <Hsp_query-frame>2</Hsp_query-frame>
      <Hsp_hit-frame>0</Hsp_hit-frame>
      <Hsp_identity>23</Hsp_identity>
      <Hsp_positive>24</Hsp_positive>
      <Hsp_gaps>0</Hsp_gaps>
      <Hsp_align-len>24</Hsp_align-len>
      <Hsp_qseq>GMSAGDRGGVADLIASIKISKIPI</Hsp_qseq>
      <Hsp_hseq>GMSAGDRGGVADLIASIKMSKIPI</Hsp_hseq>
      <Hsp_midline>GMSAGDRGGVADLIASIK+SKIPI</Hsp_midline>
    </Hsp>
  </Hit_hsps>
</Hit>
<Hit>
  <Hit_num>28</Hit_num>
  <Hit_id>gi|449445013|ref|XP_004140268.1|</Hit_id>
  <Hit_def>PREDICTED: replication factor C subunit 1-like [Cucumis sativus]</Hit_def>
  <Hit_accession>XP_004140268</Hit_accession>
  <Hit_len>981</Hit_len>
  <Hit_hsps>
    <Hsp>
      <Hsp_num>1</Hsp_num>
      <Hsp_bit-score>47.7506</Hsp_bit-score>
      <Hsp_score>112</Hsp_score>
      <Hsp_evalue>3.67121e-05</Hsp_evalue>
      <Hsp_query-from>2</Hsp_query-from>
      <Hsp_query-to>73</Hsp_query-to>
      <Hsp_hit-from>489</Hsp_hit-from>
      <Hsp_hit-to>512</Hsp_hit-to>
      <Hsp_query-frame>2</Hsp_query-frame>
      <Hsp_hit-frame>0</Hsp_hit-frame>
      <Hsp_identity>23</Hsp_identity>
      <Hsp_positive>24</Hsp_positive>
      <Hsp_gaps>0</Hsp_gaps>
      <Hsp_align-len>24</Hsp_align-len>
      <Hsp_qseq>GMSAGDRGGVADLIASIKISKIPI</Hsp_qseq>
      <Hsp_hseq>GMSAGDRGGVADLIASIKMSKIPI</Hsp_hseq>
      <Hsp_midline>GMSAGDRGGVADLIASIK+SKIPI</Hsp_midline>
    </Hsp>
  </Hit_hsps>
</Hit>
<Hit>
  <Hit_num>29</Hit_num>
  <Hit_id>gi|30314655|dbj|BAC76085.1|</Hit_id>
  <Hit_def>replication factor C 110 kDa subunit [Oryza sativa Japonica Group]</Hit_def>
  <Hit_accession>BAC76085</Hit_accession>
  <Hit_len>1021</Hit_len>
  <Hit_hsps>
    <Hsp>
      <Hsp_num>1</Hsp_num>
      <Hsp_bit-score>47.7506</Hsp_bit-score>
      <Hsp_score>112</Hsp_score>
      <Hsp_evalue>4.19365e-05</Hsp_evalue>
      <Hsp_query-from>2</Hsp_query-from>
      <Hsp_query-to>73</Hsp_query-to>
      <Hsp_hit-from>545</Hsp_hit-from>
      <Hsp_hit-to>568</Hsp_hit-to>
      <Hsp_query-frame>2</Hsp_query-frame>
      <Hsp_hit-frame>0</Hsp_hit-frame>
      <Hsp_identity>23</Hsp_identity>
      <Hsp_positive>24</Hsp_positive>
      <Hsp_gaps>0</Hsp_gaps>
      <Hsp_align-len>24</Hsp_align-len>
      <Hsp_qseq>GMSAGDRGGVADLIASIKISKIPI</Hsp_qseq>
      <Hsp_hseq>GMSAGDRGGVADLIASIKMSKIPI</Hsp_hseq>
      <Hsp_midline>GMSAGDRGGVADLIASIK+SKIPI</Hsp_midline>
    </Hsp>
  </Hit_hsps>
</Hit>
<Hit>
  <Hit_num>30</Hit_num>
  <Hit_id>gi|115485959|ref|NP_001068123.1|</Hit_id>
  <Hit_def>Os11g0572100 [Oryza sativa Japonica Group] &gt;gi|122248776|sp|Q2R2B4.2|RFC1_ORYSJ RecName: Full=Replication factor C subunit 1; Short=OsRFC1; AltName: Full=Activator 1 large subunit; AltName: Full=Activator 1 subunit 1 &gt;gi|108864532|gb|ABA94349.2| BRCA1 C Terminus domain containing protein, expressed [Oryza sativa Japonica Group] &gt;gi|113645345|dbj|BAF28486.1| Os11g0572100 [Oryza sativa Japonica Group] &gt;gi|215697840|dbj|BAG92033.1| unnamed protein product [Oryza sativa Japonica Group]</Hit_def>
  <Hit_accession>NP_001068123</Hit_accession>
  <Hit_len>1021</Hit_len>
  <Hit_hsps>
    <Hsp>
      <Hsp_num>1</Hsp_num>
      <Hsp_bit-score>47.7506</Hsp_bit-score>
      <Hsp_score>112</Hsp_score>
      <Hsp_evalue>4.23382e-05</Hsp_evalue>
      <Hsp_query-from>2</Hsp_query-from>
      <Hsp_query-to>73</Hsp_query-to>
      <Hsp_hit-from>545</Hsp_hit-from>
      <Hsp_hit-to>568</Hsp_hit-to>
      <Hsp_query-frame>2</Hsp_query-frame>
      <Hsp_hit-frame>0</Hsp_hit-frame>
      <Hsp_identity>23</Hsp_identity>
      <Hsp_positive>24</Hsp_positive>
      <Hsp_gaps>0</Hsp_gaps>
      <Hsp_align-len>24</Hsp_align-len>
      <Hsp_qseq>GMSAGDRGGVADLIASIKISKIPI</Hsp_qseq>
      <Hsp_hseq>GMSAGDRGGVADLIASIKMSKIPI</Hsp_hseq>
      <Hsp_midline>GMSAGDRGGVADLIASIK+SKIPI</Hsp_midline>
    </Hsp>
  </Hit_hsps>
</Hit>
<Hit>
  <Hit_num>31</Hit_num>
  <Hit_id>gi|218185964|gb|EEC68391.1|</Hit_id>
  <Hit_def>hypothetical protein OsI_36544 [Oryza sativa Indica Group]</Hit_def>
  <Hit_accession>EEC68391</Hit_accession>
  <Hit_len>1014</Hit_len>
  <Hit_hsps>
    <Hsp>
      <Hsp_num>1</Hsp_num>
      <Hsp_bit-score>47.7506</Hsp_bit-score>
      <Hsp_score>112</Hsp_score>
      <Hsp_evalue>4.30872e-05</Hsp_evalue>
      <Hsp_query-from>2</Hsp_query-from>
      <Hsp_query-to>73</Hsp_query-to>
      <Hsp_hit-from>538</Hsp_hit-from>
      <Hsp_hit-to>561</Hsp_hit-to>
      <Hsp_query-frame>2</Hsp_query-frame>
      <Hsp_hit-frame>0</Hsp_hit-frame>
      <Hsp_identity>23</Hsp_identity>
      <Hsp_positive>24</Hsp_positive>
      <Hsp_gaps>0</Hsp_gaps>
      <Hsp_align-len>24</Hsp_align-len>
      <Hsp_qseq>GMSAGDRGGVADLIASIKISKIPI</Hsp_qseq>
      <Hsp_hseq>GMSAGDRGGVADLIASIKMSKIPI</Hsp_hseq>
      <Hsp_midline>GMSAGDRGGVADLIASIK+SKIPI</Hsp_midline>
    </Hsp>
  </Hit_hsps>
</Hit>
<Hit>
  <Hit_num>32</Hit_num>
  <Hit_id>gi|222616174|gb|EEE52306.1|</Hit_id>
  <Hit_def>hypothetical protein OsJ_34316 [Oryza sativa Japonica Group]</Hit_def>
  <Hit_accession>EEE52306</Hit_accession>
  <Hit_len>929</Hit_len>
  <Hit_hsps>
    <Hsp>
      <Hsp_num>1</Hsp_num>
      <Hsp_bit-score>47.3654</Hsp_bit-score>
      <Hsp_score>111</Hsp_score>
      <Hsp_evalue>4.77812e-05</Hsp_evalue>
      <Hsp_query-from>2</Hsp_query-from>
      <Hsp_query-to>73</Hsp_query-to>
      <Hsp_hit-from>536</Hsp_hit-from>
      <Hsp_hit-to>559</Hsp_hit-to>
      <Hsp_query-frame>2</Hsp_query-frame>
      <Hsp_hit-frame>0</Hsp_hit-frame>
      <Hsp_identity>23</Hsp_identity>
      <Hsp_positive>24</Hsp_positive>
      <Hsp_gaps>0</Hsp_gaps>
      <Hsp_align-len>24</Hsp_align-len>
      <Hsp_qseq>GMSAGDRGGVADLIASIKISKIPI</Hsp_qseq>
      <Hsp_hseq>GMSAGDRGGVADLIASIKMSKIPI</Hsp_hseq>
      <Hsp_midline>GMSAGDRGGVADLIASIK+SKIPI</Hsp_midline>
    </Hsp>
  </Hit_hsps>
</Hit>
<Hit>
  <Hit_num>33</Hit_num>
  <Hit_id>gi|302785956|ref|XP_002974750.1|</Hit_id>
  <Hit_def>hypothetical protein SELMODRAFT_101808 [Selaginella moellendorffii] &gt;gi|300157645|gb|EFJ24270.1| hypothetical protein SELMODRAFT_101808 [Selaginella moellendorffii]</Hit_def>
  <Hit_accession>XP_002974750</Hit_accession>
  <Hit_len>468</Hit_len>
  <Hit_hsps>
    <Hsp>
      <Hsp_num>1</Hsp_num>
      <Hsp_bit-score>46.595</Hsp_bit-score>
      <Hsp_score>109</Hsp_score>
      <Hsp_evalue>7.90764e-05</Hsp_evalue>
      <Hsp_query-from>2</Hsp_query-from>
      <Hsp_query-to>73</Hsp_query-to>
      <Hsp_hit-from>58</Hsp_hit-from>
      <Hsp_hit-to>81</Hsp_hit-to>
      <Hsp_query-frame>2</Hsp_query-frame>
      <Hsp_hit-frame>0</Hsp_hit-frame>
      <Hsp_identity>22</Hsp_identity>
      <Hsp_positive>23</Hsp_positive>
      <Hsp_gaps>0</Hsp_gaps>
      <Hsp_align-len>24</Hsp_align-len>
      <Hsp_qseq>GMSAGDRGGVADLIASIKISKIPI</Hsp_qseq>
      <Hsp_hseq>GMSAGDRGGVADLIASIKTSKVPI</Hsp_hseq>
      <Hsp_midline>GMSAGDRGGVADLIASIK SK+PI</Hsp_midline>
    </Hsp>
  </Hit_hsps>
</Hit>
<Hit>
  <Hit_num>34</Hit_num>
  <Hit_id>gi|242089817|ref|XP_002440741.1|</Hit_id>
  <Hit_def>hypothetical protein SORBIDRAFT_09g005905 [Sorghum bicolor] &gt;gi|241946026|gb|EES19171.1| hypothetical protein SORBIDRAFT_09g005905 [Sorghum bicolor]</Hit_def>
  <Hit_accession>XP_002440741</Hit_accession>
  <Hit_len>87</Hit_len>
  <Hit_hsps>
    <Hsp>
      <Hsp_num>1</Hsp_num>
      <Hsp_bit-score>41.2022</Hsp_bit-score>
      <Hsp_score>95</Hsp_score>
      <Hsp_evalue>0.000734872</Hsp_evalue>
      <Hsp_query-from>5</Hsp_query-from>
      <Hsp_query-to>73</Hsp_query-to>
      <Hsp_hit-from>30</Hsp_hit-from>
      <Hsp_hit-to>52</Hsp_hit-to>
      <Hsp_query-frame>2</Hsp_query-frame>
      <Hsp_hit-frame>0</Hsp_hit-frame>
      <Hsp_identity>18</Hsp_identity>
      <Hsp_positive>21</Hsp_positive>
      <Hsp_gaps>0</Hsp_gaps>
      <Hsp_align-len>23</Hsp_align-len>
      <Hsp_qseq>MSAGDRGGVADLIASIKISKIPI</Hsp_qseq>
      <Hsp_hseq>MTAGDRGGVADLVVCIEISKIPI</Hsp_hseq>
      <Hsp_midline>M+AGDRGGVADL+  I+ISKIPI</Hsp_midline>
    </Hsp>
  </Hit_hsps>
</Hit>
<Hit>
  <Hit_num>35</Hit_num>
  <Hit_id>gi|412990353|emb|CCO19671.1|</Hit_id>
  <Hit_def>predicted protein [Bathycoccus prasinos]</Hit_def>
  <Hit_accession>CCO19671</Hit_accession>
  <Hit_len>528</Hit_len>
  <Hit_hsps>
    <Hsp>
      <Hsp_num>1</Hsp_num>
      <Hsp_bit-score>43.1282</Hsp_bit-score>
      <Hsp_score>100</Hsp_score>
      <Hsp_evalue>0.00117585</Hsp_evalue>
      <Hsp_query-from>2</Hsp_query-from>
      <Hsp_query-to>73</Hsp_query-to>
      <Hsp_hit-from>150</Hsp_hit-from>
      <Hsp_hit-to>173</Hsp_hit-to>
      <Hsp_query-frame>2</Hsp_query-frame>
      <Hsp_hit-frame>0</Hsp_hit-frame>
      <Hsp_identity>19</Hsp_identity>
      <Hsp_positive>22</Hsp_positive>
      <Hsp_gaps>0</Hsp_gaps>
      <Hsp_align-len>24</Hsp_align-len>
      <Hsp_qseq>GMSAGDRGGVADLIASIKISKIPI</Hsp_qseq>
      <Hsp_hseq>GMSAGDRGGISDLIDTIKRSKIPI</Hsp_hseq>
      <Hsp_midline>GMSAGDRGG++DLI +IK SKIPI</Hsp_midline>
    </Hsp>
  </Hit_hsps>
</Hit>
<Hit>
  <Hit_num>36</Hit_num>
  <Hit_id>gi|255078488|ref|XP_002502824.1|</Hit_id>
  <Hit_def>predicted protein [Micromonas sp. RCC299] &gt;gi|226518090|gb|ACO64082.1| predicted protein [Micromonas sp. RCC299]</Hit_def>
  <Hit_accession>XP_002502824</Hit_accession>
  <Hit_len>917</Hit_len>
  <Hit_hsps>
    <Hsp>
      <Hsp_num>1</Hsp_num>
      <Hsp_bit-score>42.3578</Hsp_bit-score>
      <Hsp_score>98</Hsp_score>
      <Hsp_evalue>0.00256629</Hsp_evalue>
      <Hsp_query-from>2</Hsp_query-from>
      <Hsp_query-to>73</Hsp_query-to>
      <Hsp_hit-from>470</Hsp_hit-from>
      <Hsp_hit-to>493</Hsp_hit-to>
      <Hsp_query-frame>2</Hsp_query-frame>
      <Hsp_hit-frame>0</Hsp_hit-frame>
      <Hsp_identity>20</Hsp_identity>
      <Hsp_positive>21</Hsp_positive>
      <Hsp_gaps>0</Hsp_gaps>
      <Hsp_align-len>24</Hsp_align-len>
      <Hsp_qseq>GMSAGDRGGVADLIASIKISKIPI</Hsp_qseq>
      <Hsp_hseq>GMSGGDRGGVQELIACIKISKIPI</Hsp_hseq>
      <Hsp_midline>GMS GDRGGV +LIA IKISKIPI</Hsp_midline>
    </Hsp>
  </Hit_hsps>
</Hit>
<Hit>
  <Hit_num>37</Hit_num>
  <Hit_id>gi|545356585|ref|XP_005643987.1|</Hit_id>
  <Hit_def>RFC1-domain-containing protein, partial [Coccomyxa subellipsoidea C-169] &gt;gi|384245951|gb|EIE19443.1| RFC1-domain-containing protein, partial [Coccomyxa subellipsoidea C-169]</Hit_def>
  <Hit_accession>XP_005643987</Hit_accession>
  <Hit_len>480</Hit_len>
  <Hit_hsps>
    <Hsp>
      <Hsp_num>1</Hsp_num>
      <Hsp_bit-score>40.4318</Hsp_bit-score>
      <Hsp_score>93</Hsp_score>
      <Hsp_evalue>0.00999145</Hsp_evalue>
      <Hsp_query-from>2</Hsp_query-from>
      <Hsp_query-to>73</Hsp_query-to>
      <Hsp_hit-from>135</Hsp_hit-from>
      <Hsp_hit-to>158</Hsp_hit-to>
      <Hsp_query-frame>2</Hsp_query-frame>
      <Hsp_hit-frame>0</Hsp_hit-frame>
      <Hsp_identity>18</Hsp_identity>
      <Hsp_positive>21</Hsp_positive>
      <Hsp_gaps>0</Hsp_gaps>
      <Hsp_align-len>24</Hsp_align-len>
      <Hsp_qseq>GMSAGDRGGVADLIASIKISKIPI</Hsp_qseq>
      <Hsp_hseq>GMSAGDRGGVPDLILTIKAAKLPI</Hsp_hseq>
      <Hsp_midline>GMSAGDRGGV DLI +IK +K+PI</Hsp_midline>
    </Hsp>
  </Hit_hsps>
</Hit>
<Hit>
  <Hit_num>38</Hit_num>
  <Hit_id>gi|168050549|ref|XP_001777721.1|</Hit_id>
  <Hit_def>predicted protein [Physcomitrella patens] &gt;gi|162670941|gb|EDQ57501.1| predicted protein [Physcomitrella patens]</Hit_def>
  <Hit_accession>XP_001777721</Hit_accession>
  <Hit_len>850</Hit_len>
  <Hit_hsps>
    <Hsp>
      <Hsp_num>1</Hsp_num>
      <Hsp_bit-score>40.0466</Hsp_bit-score>
      <Hsp_score>92</Hsp_score>
      <Hsp_evalue>0.0169531</Hsp_evalue>
      <Hsp_query-from>2</Hsp_query-from>
      <Hsp_query-to>73</Hsp_query-to>
      <Hsp_hit-from>422</Hsp_hit-from>
      <Hsp_hit-to>445</Hsp_hit-to>
      <Hsp_query-frame>2</Hsp_query-frame>
      <Hsp_hit-frame>0</Hsp_hit-frame>
      <Hsp_identity>20</Hsp_identity>
      <Hsp_positive>20</Hsp_positive>
      <Hsp_gaps>0</Hsp_gaps>
      <Hsp_align-len>24</Hsp_align-len>
      <Hsp_qseq>GMSAGDRGGVADLIASIKISKIPI</Hsp_qseq>
      <Hsp_hseq>GMSGGDRGGVADLILSIKSSHIPI</Hsp_hseq>
      <Hsp_midline>GMS GDRGGVADLI SIK S IPI</Hsp_midline>
    </Hsp>
  </Hit_hsps>
</Hit>
<Hit>
  <Hit_num>39</Hit_num>
  <Hit_id>gi|159477641|ref|XP_001696917.1|</Hit_id>
  <Hit_def>DNA replication factor C complex subunit 1 [Chlamydomonas reinhardtii] &gt;gi|158274829|gb|EDP00609.1| DNA replication factor C complex subunit 1 [Chlamydomonas reinhardtii]</Hit_def>
  <Hit_accession>XP_001696917</Hit_accession>
  <Hit_len>1182</Hit_len>
  <Hit_hsps>
    <Hsp>
      <Hsp_num>1</Hsp_num>
      <Hsp_bit-score>39.2762</Hsp_bit-score>
      <Hsp_score>90</Hsp_score>
      <Hsp_evalue>0.0307062</Hsp_evalue>
      <Hsp_query-from>2</Hsp_query-from>
      <Hsp_query-to>73</Hsp_query-to>
      <Hsp_hit-from>690</Hsp_hit-from>
      <Hsp_hit-to>713</Hsp_hit-to>
      <Hsp_query-frame>2</Hsp_query-frame>
      <Hsp_hit-frame>0</Hsp_hit-frame>
      <Hsp_identity>19</Hsp_identity>
      <Hsp_positive>20</Hsp_positive>
      <Hsp_gaps>0</Hsp_gaps>
      <Hsp_align-len>24</Hsp_align-len>
      <Hsp_qseq>GMSAGDRGGVADLIASIKISKIPI</Hsp_qseq>
      <Hsp_hseq>GMSGGDRGGVQDLIDTIKRSKIPI</Hsp_hseq>
      <Hsp_midline>GMS GDRGGV DLI +IK SKIPI</Hsp_midline>
    </Hsp>
  </Hit_hsps>
</Hit>
<Hit>
  <Hit_num>40</Hit_num>
  <Hit_id>gi|303283302|ref|XP_003060942.1|</Hit_id>
  <Hit_def>predicted protein [Micromonas pusilla CCMP1545] &gt;gi|226457293|gb|EEH54592.1| predicted protein [Micromonas pusilla CCMP1545]</Hit_def>
  <Hit_accession>XP_003060942</Hit_accession>
  <Hit_len>949</Hit_len>
  <Hit_hsps>
    <Hsp>
      <Hsp_num>1</Hsp_num>
      <Hsp_bit-score>38.891</Hsp_bit-score>
      <Hsp_score>89</Hsp_score>
      <Hsp_evalue>0.038635</Hsp_evalue>
      <Hsp_query-from>2</Hsp_query-from>
      <Hsp_query-to>73</Hsp_query-to>
      <Hsp_hit-from>503</Hsp_hit-from>
      <Hsp_hit-to>526</Hsp_hit-to>
      <Hsp_query-frame>2</Hsp_query-frame>
      <Hsp_hit-frame>0</Hsp_hit-frame>
      <Hsp_identity>19</Hsp_identity>
      <Hsp_positive>20</Hsp_positive>
      <Hsp_gaps>0</Hsp_gaps>
      <Hsp_align-len>24</Hsp_align-len>
      <Hsp_qseq>GMSAGDRGGVADLIASIKISKIPI</Hsp_qseq>
      <Hsp_hseq>GMSGGDRGGVMELINCIKISKIPI</Hsp_hseq>
      <Hsp_midline>GMS GDRGGV +LI  IKISKIPI</Hsp_midline>
    </Hsp>
  </Hit_hsps>
</Hit>
<Hit>
  <Hit_num>41</Hit_num>
  <Hit_id>gi|471908755|emb|CCO28228.1|</Hit_id>
  <Hit_def>Replication factor C subunit 1 Short=Replication factor C1 [Rhizoctonia solani AG-1 IB]</Hit_def>
  <Hit_accession>CCO28228</Hit_accession>
  <Hit_len>244</Hit_len>
  <Hit_hsps>
    <Hsp>
      <Hsp_num>1</Hsp_num>
      <Hsp_bit-score>37.7354</Hsp_bit-score>
      <Hsp_score>86</Hsp_score>
      <Hsp_evalue>0.055861</Hsp_evalue>
      <Hsp_query-from>2</Hsp_query-from>
      <Hsp_query-to>73</Hsp_query-to>
      <Hsp_hit-from>87</Hsp_hit-from>
      <Hsp_hit-to>110</Hsp_hit-to>
      <Hsp_query-frame>2</Hsp_query-frame>
      <Hsp_hit-frame>0</Hsp_hit-frame>
      <Hsp_identity>18</Hsp_identity>
      <Hsp_positive>21</Hsp_positive>
      <Hsp_gaps>0</Hsp_gaps>
      <Hsp_align-len>24</Hsp_align-len>
      <Hsp_qseq>GMSAGDRGGVADLIASIKISKIPI</Hsp_qseq>
      <Hsp_hseq>GMSAGDRGGVAALISLIKKTKVPI</Hsp_hseq>
      <Hsp_midline>GMSAGDRGGVA LI+ IK +K+PI</Hsp_midline>
    </Hsp>
  </Hit_hsps>
</Hit>
<Hit>
  <Hit_num>42</Hit_num>
  <Hit_id>gi|302853225|ref|XP_002958129.1|</Hit_id>
  <Hit_def>DNA replication factor C complex subunit 1 [Volvox carteri f. nagariensis] &gt;gi|300256597|gb|EFJ40860.1| DNA replication factor C complex subunit 1 [Volvox carteri f. nagariensis]</Hit_def>
  <Hit_accession>XP_002958129</Hit_accession>
  <Hit_len>963</Hit_len>
  <Hit_hsps>
    <Hsp>
      <Hsp_num>1</Hsp_num>
      <Hsp_bit-score>38.5058</Hsp_bit-score>
      <Hsp_score>88</Hsp_score>
      <Hsp_evalue>0.0569995</Hsp_evalue>
      <Hsp_query-from>2</Hsp_query-from>
      <Hsp_query-to>73</Hsp_query-to>
      <Hsp_hit-from>507</Hsp_hit-from>
      <Hsp_hit-to>530</Hsp_hit-to>
      <Hsp_query-frame>2</Hsp_query-frame>
      <Hsp_hit-frame>0</Hsp_hit-frame>
      <Hsp_identity>18</Hsp_identity>
      <Hsp_positive>20</Hsp_positive>
      <Hsp_gaps>0</Hsp_gaps>
      <Hsp_align-len>24</Hsp_align-len>
      <Hsp_qseq>GMSAGDRGGVADLIASIKISKIPI</Hsp_qseq>
      <Hsp_hseq>GMSGGDRGGIQDLIDTIKRSKIPI</Hsp_hseq>
      <Hsp_midline>GMS GDRGG+ DLI +IK SKIPI</Hsp_midline>
    </Hsp>
  </Hit_hsps>
</Hit>
<Hit>
  <Hit_num>43</Hit_num>
  <Hit_id>gi|552925531|gb|ESA09441.1|</Hit_id>
  <Hit_def>hypothetical protein GLOINDRAFT_348673, partial [Rhizophagus irregularis DAOM 181602]</Hit_def>
  <Hit_accession>ESA09441</Hit_accession>
  <Hit_len>623</Hit_len>
  <Hit_hsps>
    <Hsp>
      <Hsp_num>1</Hsp_num>
      <Hsp_bit-score>38.1206</Hsp_bit-score>
      <Hsp_score>87</Hsp_score>
      <Hsp_evalue>0.0590967</Hsp_evalue>
      <Hsp_query-from>2</Hsp_query-from>
      <Hsp_query-to>73</Hsp_query-to>
      <Hsp_hit-from>314</Hsp_hit-from>
      <Hsp_hit-to>337</Hsp_hit-to>
      <Hsp_query-frame>2</Hsp_query-frame>
      <Hsp_hit-frame>0</Hsp_hit-frame>
      <Hsp_identity>16</Hsp_identity>
      <Hsp_positive>21</Hsp_positive>
      <Hsp_gaps>0</Hsp_gaps>
      <Hsp_align-len>24</Hsp_align-len>
      <Hsp_qseq>GMSAGDRGGVADLIASIKISKIPI</Hsp_qseq>
      <Hsp_hseq>GMSAGDKGGIAELIQLIKKTKVPI</Hsp_hseq>
      <Hsp_midline>GMSAGD+GG+A+LI  IK +K+PI</Hsp_midline>
    </Hsp>
  </Hit_hsps>
</Hit>
<Hit>
  <Hit_num>44</Hit_num>
  <Hit_id>gi|530737331|gb|EQC35573.1|</Hit_id>
  <Hit_def>hypothetical protein SDRG_06862 [Saprolegnia diclina VS20]</Hit_def>
  <Hit_accession>EQC35573</Hit_accession>
  <Hit_len>815</Hit_len>
  <Hit_hsps>
    <Hsp>
      <Hsp_num>1</Hsp_num>
      <Hsp_bit-score>37.7354</Hsp_bit-score>
      <Hsp_score>86</Hsp_score>
      <Hsp_evalue>0.100073</Hsp_evalue>
      <Hsp_query-from>2</Hsp_query-from>
      <Hsp_query-to>73</Hsp_query-to>
      <Hsp_hit-from>386</Hsp_hit-from>
      <Hsp_hit-to>409</Hsp_hit-to>
      <Hsp_query-frame>2</Hsp_query-frame>
      <Hsp_hit-frame>0</Hsp_hit-frame>
      <Hsp_identity>18</Hsp_identity>
      <Hsp_positive>21</Hsp_positive>
      <Hsp_gaps>0</Hsp_gaps>
      <Hsp_align-len>24</Hsp_align-len>
      <Hsp_qseq>GMSAGDRGGVADLIASIKISKIPI</Hsp_qseq>
      <Hsp_hseq>GMSSGDRGGMAELIAIIKKSKTPI</Hsp_hseq>
      <Hsp_midline>GMS+GDRGG+A+LIA IK SK PI</Hsp_midline>
    </Hsp>
  </Hit_hsps>
</Hit>
<Hit>
  <Hit_num>45</Hit_num>
  <Hit_id>gi|395327638|gb|EJF60036.1|</Hit_id>
  <Hit_def>DNA replication factor C, large subunit [Dichomitus squalens LYAD-421 SS1]</Hit_def>
  <Hit_accession>EJF60036</Hit_accession>
  <Hit_len>718</Hit_len>
  <Hit_hsps>
    <Hsp>
      <Hsp_num>1</Hsp_num>
      <Hsp_bit-score>37.7354</Hsp_bit-score>
      <Hsp_score>86</Hsp_score>
      <Hsp_evalue>0.103062</Hsp_evalue>
      <Hsp_query-from>2</Hsp_query-from>
      <Hsp_query-to>73</Hsp_query-to>
      <Hsp_hit-from>279</Hsp_hit-from>
      <Hsp_hit-to>302</Hsp_hit-to>
      <Hsp_query-frame>2</Hsp_query-frame>
      <Hsp_hit-frame>0</Hsp_hit-frame>
      <Hsp_identity>18</Hsp_identity>
      <Hsp_positive>20</Hsp_positive>
      <Hsp_gaps>0</Hsp_gaps>
      <Hsp_align-len>24</Hsp_align-len>
      <Hsp_qseq>GMSAGDRGGVADLIASIKISKIPI</Hsp_qseq>
      <Hsp_hseq>GMSAGDRGGVGALVALIKRTKIPI</Hsp_hseq>
      <Hsp_midline>GMSAGDRGGV  L+A IK +KIPI</Hsp_midline>
    </Hsp>
  </Hit_hsps>
</Hit>
<Hit>
  <Hit_num>46</Hit_num>
  <Hit_id>gi|328770979|gb|EGF81020.1|</Hit_id>
  <Hit_def>hypothetical protein BATDEDRAFT_653 [Batrachochytrium dendrobatidis JAM81]</Hit_def>
  <Hit_accession>EGF81020</Hit_accession>
  <Hit_len>696</Hit_len>
  <Hit_hsps>
    <Hsp>
      <Hsp_num>1</Hsp_num>
      <Hsp_bit-score>37.7354</Hsp_bit-score>
      <Hsp_score>86</Hsp_score>
      <Hsp_evalue>0.109297</Hsp_evalue>
      <Hsp_query-from>2</Hsp_query-from>
      <Hsp_query-to>73</Hsp_query-to>
      <Hsp_hit-from>269</Hsp_hit-from>
      <Hsp_hit-to>292</Hsp_hit-to>
      <Hsp_query-frame>2</Hsp_query-frame>
      <Hsp_hit-frame>0</Hsp_hit-frame>
      <Hsp_identity>18</Hsp_identity>
      <Hsp_positive>21</Hsp_positive>
      <Hsp_gaps>0</Hsp_gaps>
      <Hsp_align-len>24</Hsp_align-len>
      <Hsp_qseq>GMSAGDRGGVADLIASIKISKIPI</Hsp_qseq>
      <Hsp_hseq>GMSAGDRGGSAELISIIKQTKIPI</Hsp_hseq>
      <Hsp_midline>GMSAGDRGG A+LI+ IK +KIPI</Hsp_midline>
    </Hsp>
  </Hit_hsps>
</Hit>
<Hit>
  <Hit_num>47</Hit_num>
  <Hit_id>gi|384485534|gb|EIE77714.1|</Hit_id>
  <Hit_def>hypothetical protein RO3G_02418 [Rhizopus delemar RA 99-880]</Hit_def>
  <Hit_accession>EIE77714</Hit_accession>
  <Hit_len>841</Hit_len>
  <Hit_hsps>
    <Hsp>
      <Hsp_num>1</Hsp_num>
      <Hsp_bit-score>37.3502</Hsp_bit-score>
      <Hsp_score>85</Hsp_score>
      <Hsp_evalue>0.134802</Hsp_evalue>
      <Hsp_query-from>2</Hsp_query-from>
      <Hsp_query-to>73</Hsp_query-to>
      <Hsp_hit-from>412</Hsp_hit-from>
      <Hsp_hit-to>435</Hsp_hit-to>
      <Hsp_query-frame>2</Hsp_query-frame>
      <Hsp_hit-frame>0</Hsp_hit-frame>
      <Hsp_identity>16</Hsp_identity>
      <Hsp_positive>19</Hsp_positive>
      <Hsp_gaps>0</Hsp_gaps>
      <Hsp_align-len>24</Hsp_align-len>
      <Hsp_qseq>GMSAGDRGGVADLIASIKISKIPI</Hsp_qseq>
      <Hsp_hseq>GMSAGDRGGAVELASQIKKSKIPV</Hsp_hseq>
      <Hsp_midline>GMSAGDRGG  +L + IK SKIP+</Hsp_midline>
    </Hsp>
  </Hit_hsps>
</Hit>
<Hit>
  <Hit_num>48</Hit_num>
  <Hit_id>gi|409049495|gb|EKM58972.1|</Hit_id>
  <Hit_def>hypothetical protein PHACADRAFT_157248 [Phanerochaete carnosa HHB-10118-sp]</Hit_def>
  <Hit_accession>EKM58972</Hit_accession>
  <Hit_len>677</Hit_len>
  <Hit_hsps>
    <Hsp>
      <Hsp_num>1</Hsp_num>
      <Hsp_bit-score>37.3502</Hsp_bit-score>
      <Hsp_score>85</Hsp_score>
      <Hsp_evalue>0.148223</Hsp_evalue>
      <Hsp_query-from>2</Hsp_query-from>
      <Hsp_query-to>73</Hsp_query-to>
      <Hsp_hit-from>287</Hsp_hit-from>
      <Hsp_hit-to>310</Hsp_hit-to>
      <Hsp_query-frame>2</Hsp_query-frame>
      <Hsp_hit-frame>0</Hsp_hit-frame>
      <Hsp_identity>17</Hsp_identity>
      <Hsp_positive>20</Hsp_positive>
      <Hsp_gaps>0</Hsp_gaps>
      <Hsp_align-len>24</Hsp_align-len>
      <Hsp_qseq>GMSAGDRGGVADLIASIKISKIPI</Hsp_qseq>
      <Hsp_hseq>GMSAGDRGGVVALVALIRKTKIPI</Hsp_hseq>
      <Hsp_midline>GMSAGDRGGV  L+A I+ +KIPI</Hsp_midline>
    </Hsp>
  </Hit_hsps>
</Hit>
<Hit>
  <Hit_num>49</Hit_num>
  <Hit_id>gi|566028385|gb|ETI51296.1|</Hit_id>
  <Hit_def>hypothetical protein, variant 2 [Phytophthora parasitica P1569]</Hit_def>
  <Hit_accession>ETI51296</Hit_accession>
  <Hit_len>727</Hit_len>
  <Hit_hsps>
    <Hsp>
      <Hsp_num>1</Hsp_num>
      <Hsp_bit-score>36.965</Hsp_bit-score>
      <Hsp_score>84</Hsp_score>
      <Hsp_evalue>0.160967</Hsp_evalue>
      <Hsp_query-from>2</Hsp_query-from>
      <Hsp_query-to>73</Hsp_query-to>
      <Hsp_hit-from>436</Hsp_hit-from>
      <Hsp_hit-to>459</Hsp_hit-to>
      <Hsp_query-frame>2</Hsp_query-frame>
      <Hsp_hit-frame>0</Hsp_hit-frame>
      <Hsp_identity>17</Hsp_identity>
      <Hsp_positive>18</Hsp_positive>
      <Hsp_gaps>0</Hsp_gaps>
      <Hsp_align-len>24</Hsp_align-len>
      <Hsp_qseq>GMSAGDRGGVADLIASIKISKIPI</Hsp_qseq>
      <Hsp_hseq>GMSGGDRGGTAELIQLIKKSKTPI</Hsp_hseq>
      <Hsp_midline>GMS GDRGG A+LI  IK SK PI</Hsp_midline>
    </Hsp>
  </Hit_hsps>
</Hit>
<Hit>
  <Hit_num>50</Hit_num>
  <Hit_id>gi|145343741|ref|XP_001416470.1|</Hit_id>
  <Hit_def>predicted protein [Ostreococcus lucimarinus CCE9901] &gt;gi|144576695|gb|ABO94763.1| predicted protein [Ostreococcus lucimarinus CCE9901]</Hit_def>
  <Hit_accession>XP_001416470</Hit_accession>
  <Hit_len>114</Hit_len>
  <Hit_hsps>
    <Hsp>
      <Hsp_num>1</Hsp_num>
      <Hsp_bit-score>34.6538</Hsp_bit-score>
      <Hsp_score>78</Hsp_score>
      <Hsp_evalue>0.166441</Hsp_evalue>
      <Hsp_query-from>2</Hsp_query-from>
      <Hsp_query-to>73</Hsp_query-to>
      <Hsp_hit-from>15</Hsp_hit-from>
      <Hsp_hit-to>38</Hsp_hit-to>
      <Hsp_query-frame>2</Hsp_query-frame>
      <Hsp_hit-frame>0</Hsp_hit-frame>
      <Hsp_identity>14</Hsp_identity>
      <Hsp_positive>20</Hsp_positive>
      <Hsp_gaps>0</Hsp_gaps>
      <Hsp_align-len>24</Hsp_align-len>
      <Hsp_qseq>GMSAGDRGGVADLIASIKISKIPI</Hsp_qseq>
      <Hsp_hseq>GMAGGDRGGISELIEVIKHTRIPI</Hsp_hseq>
      <Hsp_midline>GM+ GDRGG+++LI  IK ++IPI</Hsp_midline>
    </Hsp>
  </Hit_hsps>
</Hit>
</Iteration_hits>
  <Iteration_stat>
    <Statistics>
      <Statistics_db-num>35200748</Statistics_db-num>
      <Statistics_db-len>12388037842</Statistics_db-len>
      <Statistics_hsp-len>0</Statistics_hsp-len>
      <Statistics_eff-space>0</Statistics_eff-space>
      <Statistics_kappa>0.041</Statistics_kappa>
      <Statistics_lambda>0.267</Statistics_lambda>
      <Statistics_entropy>0.14</Statistics_entropy>
    </Statistics>
  </Iteration_stat>
</Iteration>
</BlastOutput_iterations>
</BlastOutput>

