<?xml version="1.0"?>
<!DOCTYPE BlastOutput PUBLIC "-//NCBI//NCBI BlastOutput/EN" "http://www.ncbi.nlm.nih.gov/dtd/NCBI_BlastOutput.dtd">
<BlastOutput>
  <BlastOutput_program>blastx</BlastOutput_program>
  <BlastOutput_version>BLASTX 2.2.29+</BlastOutput_version>
  <BlastOutput_reference>Stephen F. Altschul, Thomas L. Madden, Alejandro A. Sch&amp;auml;ffer, Jinghui Zhang, Zheng Zhang, Webb Miller, and David J. Lipman (1997), &quot;Gapped BLAST and PSI-BLAST: a new generation of protein database search programs&quot;, Nucleic Acids Res. 25:3389-3402.</BlastOutput_reference>
  <BlastOutput_db>nr</BlastOutput_db>
  <BlastOutput_query-ID>65093</BlastOutput_query-ID>
  <BlastOutput_query-def>No definition line</BlastOutput_query-def>
  <BlastOutput_query-len>113</BlastOutput_query-len>
  <BlastOutput_param>
    <Parameters>
      <Parameters_matrix>BLOSUM62</Parameters_matrix>
      <Parameters_expect>10</Parameters_expect>
      <Parameters_gap-open>11</Parameters_gap-open>
      <Parameters_gap-extend>1</Parameters_gap-extend>
      <Parameters_filter>F</Parameters_filter>
    </Parameters>
  </BlastOutput_param>
<BlastOutput_iterations>
<Iteration>
  <Iteration_iter-num>1</Iteration_iter-num>
  <Iteration_query-ID>65093</Iteration_query-ID>
  <Iteration_query-def>No definition line</Iteration_query-def>
  <Iteration_query-len>113</Iteration_query-len>
<Iteration_hits>
<Hit>
  <Hit_num>1</Hit_num>
  <Hit_id>gi|474376929|gb|EMS64227.1|</Hit_id>
  <Hit_def>AP-2 complex subunit sigma [Triticum urartu]</Hit_def>
  <Hit_accession>EMS64227</Hit_accession>
  <Hit_len>226</Hit_len>
  <Hit_hsps>
    <Hsp>
      <Hsp_num>1</Hsp_num>
      <Hsp_bit-score>47.7506</Hsp_bit-score>
      <Hsp_score>112</Hsp_score>
      <Hsp_evalue>1.85345e-05</Hsp_evalue>
      <Hsp_query-from>29</Hsp_query-from>
      <Hsp_query-to>103</Hsp_query-to>
      <Hsp_hit-from>41</Hsp_hit-from>
      <Hsp_hit-to>65</Hsp_hit-to>
      <Hsp_query-frame>-2</Hsp_query-frame>
      <Hsp_hit-frame>0</Hsp_hit-frame>
      <Hsp_identity>20</Hsp_identity>
      <Hsp_positive>23</Hsp_positive>
      <Hsp_gaps>0</Hsp_gaps>
      <Hsp_align-len>25</Hsp_align-len>
      <Hsp_qseq>HSETLNESTNVGVQTGGSRVGGPKL</Hsp_qseq>
      <Hsp_hseq>HSGTLNESTNVGVKTGGPRIGGPEL</Hsp_hseq>
      <Hsp_midline>HS TLNESTNVGV+TGG R+GGP+L</Hsp_midline>
    </Hsp>
  </Hit_hsps>
</Hit>
<Hit>
  <Hit_num>2</Hit_num>
  <Hit_id>gi|474359467|gb|EMS63251.1|</Hit_id>
  <Hit_def>hypothetical protein TRIUR3_30952 [Triticum urartu]</Hit_def>
  <Hit_accession>EMS63251</Hit_accession>
  <Hit_len>229</Hit_len>
  <Hit_hsps>
    <Hsp>
      <Hsp_num>1</Hsp_num>
      <Hsp_bit-score>44.2838</Hsp_bit-score>
      <Hsp_score>103</Hsp_score>
      <Hsp_evalue>0.000366237</Hsp_evalue>
      <Hsp_query-from>11</Hsp_query-from>
      <Hsp_query-to>73</Hsp_query-to>
      <Hsp_hit-from>12</Hsp_hit-from>
      <Hsp_hit-to>32</Hsp_hit-to>
      <Hsp_query-frame>2</Hsp_query-frame>
      <Hsp_hit-frame>0</Hsp_hit-frame>
      <Hsp_identity>19</Hsp_identity>
      <Hsp_positive>20</Hsp_positive>
      <Hsp_gaps>0</Hsp_gaps>
      <Hsp_align-len>21</Hsp_align-len>
      <Hsp_qseq>PSTLDAQFGTPYPRSAGLDTD</Hsp_qseq>
      <Hsp_hseq>PSSLDAQFGTPYPRSAGFDTD</Hsp_hseq>
      <Hsp_midline>PS+LDAQFGTPYPRSAG DTD</Hsp_midline>
    </Hsp>
  </Hit_hsps>
</Hit>
<Hit>
  <Hit_num>3</Hit_num>
  <Hit_id>gi|474288277|gb|EMS61232.1|</Hit_id>
  <Hit_def>hypothetical protein TRIUR3_16882 [Triticum urartu]</Hit_def>
  <Hit_accession>EMS61232</Hit_accession>
  <Hit_len>1366</Hit_len>
  <Hit_hsps>
    <Hsp>
      <Hsp_num>1</Hsp_num>
      <Hsp_bit-score>41.2022</Hsp_bit-score>
      <Hsp_score>95</Hsp_score>
      <Hsp_evalue>0.0114095</Hsp_evalue>
      <Hsp_query-from>3</Hsp_query-from>
      <Hsp_query-to>74</Hsp_query-to>
      <Hsp_hit-from>320</Hsp_hit-from>
      <Hsp_hit-to>343</Hsp_hit-to>
      <Hsp_query-frame>-1</Hsp_query-frame>
      <Hsp_hit-frame>0</Hsp_hit-frame>
      <Hsp_identity>18</Hsp_identity>
      <Hsp_positive>19</Hsp_positive>
      <Hsp_gaps>0</Hsp_gaps>
      <Hsp_align-len>24</Hsp_align-len>
      <Hsp_qseq>CRCPNRRISGRGSQTVRLRLMVKG</Hsp_qseq>
      <Hsp_hseq>CRCQNRRISGRGSRTVRQGRMVTG</Hsp_hseq>
      <Hsp_midline>CRC NRRISGRGS+TVR   MV G</Hsp_midline>
    </Hsp>
  </Hit_hsps>
</Hit>
<Hit>
  <Hit_num>4</Hit_num>
  <Hit_id>gi|473818555|gb|EMS46969.1|</Hit_id>
  <Hit_def>hypothetical protein TRIUR3_03495 [Triticum urartu]</Hit_def>
  <Hit_accession>EMS46969</Hit_accession>
  <Hit_len>600</Hit_len>
  <Hit_hsps>
    <Hsp>
      <Hsp_num>1</Hsp_num>
      <Hsp_bit-score>38.5058</Hsp_bit-score>
      <Hsp_score>88</Hsp_score>
      <Hsp_evalue>0.0862686</Hsp_evalue>
      <Hsp_query-from>21</Hsp_query-from>
      <Hsp_query-to>77</Hsp_query-to>
      <Hsp_hit-from>579</Hsp_hit-from>
      <Hsp_hit-to>597</Hsp_hit-to>
      <Hsp_query-frame>-1</Hsp_query-frame>
      <Hsp_hit-frame>0</Hsp_hit-frame>
      <Hsp_identity>16</Hsp_identity>
      <Hsp_positive>17</Hsp_positive>
      <Hsp_gaps>0</Hsp_gaps>
      <Hsp_align-len>19</Hsp_align-len>
      <Hsp_qseq>QCRCPNRRISGRGSQTVRL</Hsp_qseq>
      <Hsp_hseq>HCRCQNRRISGRGSRTVRL</Hsp_hseq>
      <Hsp_midline> CRC NRRISGRGS+TVRL</Hsp_midline>
    </Hsp>
  </Hit_hsps>
</Hit>
<Hit>
  <Hit_num>5</Hit_num>
  <Hit_id>gi|474021068|gb|EMS52871.1|</Hit_id>
  <Hit_def>hypothetical protein TRIUR3_27961 [Triticum urartu]</Hit_def>
  <Hit_accession>EMS52871</Hit_accession>
  <Hit_len>861</Hit_len>
  <Hit_hsps>
    <Hsp>
      <Hsp_num>1</Hsp_num>
      <Hsp_bit-score>36.5798</Hsp_bit-score>
      <Hsp_score>83</Hsp_score>
      <Hsp_evalue>0.34341</Hsp_evalue>
      <Hsp_query-from>40</Hsp_query-from>
      <Hsp_query-to>102</Hsp_query-to>
      <Hsp_hit-from>101</Hsp_hit-from>
      <Hsp_hit-to>121</Hsp_hit-to>
      <Hsp_query-frame>-3</Hsp_query-frame>
      <Hsp_hit-frame>0</Hsp_hit-frame>
      <Hsp_identity>18</Hsp_identity>
      <Hsp_positive>19</Hsp_positive>
      <Hsp_gaps>0</Hsp_gaps>
      <Hsp_align-len>21</Hsp_align-len>
      <Hsp_qseq>TVKLSMKAPMSVSKPADLG*G</Hsp_qseq>
      <Hsp_hseq>TEELSMKAPMSVSKPADLGRG</Hsp_hseq>
      <Hsp_midline>T +LSMKAPMSVSKPADLG G</Hsp_midline>
    </Hsp>
  </Hit_hsps>
</Hit>
<Hit>
  <Hit_num>6</Hit_num>
  <Hit_id>gi|475541716|gb|EMT09833.1|</Hit_id>
  <Hit_def>hypothetical protein F775_17624 [Aegilops tauschii]</Hit_def>
  <Hit_accession>EMT09833</Hit_accession>
  <Hit_len>527</Hit_len>
  <Hit_hsps>
    <Hsp>
      <Hsp_num>1</Hsp_num>
      <Hsp_bit-score>34.2686</Hsp_bit-score>
      <Hsp_score>77</Hsp_score>
      <Hsp_evalue>2.20582</Hsp_evalue>
      <Hsp_query-from>24</Hsp_query-from>
      <Hsp_query-to>107</Hsp_query-to>
      <Hsp_hit-from>2</Hsp_hit-from>
      <Hsp_hit-to>33</Hsp_hit-to>
      <Hsp_query-frame>3</Hsp_query-frame>
      <Hsp_hit-frame>0</Hsp_hit-frame>
      <Hsp_identity>19</Hsp_identity>
      <Hsp_positive>21</Hsp_positive>
      <Hsp_gaps>4</Hsp_gaps>
      <Hsp_align-len>32</Hsp_align-len>
      <Hsp_qseq>THSLGPPTRDPPVWTPT----LVLSLRVSLCH</Hsp_qseq>
      <Hsp_hseq>THSLGPPTRDLPVLTPTPGAAIALALSFSLAR</Hsp_hseq>
      <Hsp_midline>THSLGPPTRD PV TPT    + L+L  SL  </Hsp_midline>
    </Hsp>
  </Hit_hsps>
</Hit>
<Hit>
  <Hit_num>7</Hit_num>
  <Hit_id>gi|474380914|gb|EMS64547.1|</Hit_id>
  <Hit_def>Protein IQ-DOMAIN 32 [Triticum urartu]</Hit_def>
  <Hit_accession>EMS64547</Hit_accession>
  <Hit_len>228</Hit_len>
  <Hit_hsps>
    <Hsp>
      <Hsp_num>1</Hsp_num>
      <Hsp_bit-score>33.113</Hsp_bit-score>
      <Hsp_score>74</Hsp_score>
      <Hsp_evalue>3.69405</Hsp_evalue>
      <Hsp_query-from>49</Hsp_query-from>
      <Hsp_query-to>102</Hsp_query-to>
      <Hsp_hit-from>43</Hsp_hit-from>
      <Hsp_hit-to>60</Hsp_hit-to>
      <Hsp_query-frame>-3</Hsp_query-frame>
      <Hsp_hit-frame>0</Hsp_hit-frame>
      <Hsp_identity>15</Hsp_identity>
      <Hsp_positive>17</Hsp_positive>
      <Hsp_gaps>0</Hsp_gaps>
      <Hsp_align-len>18</Hsp_align-len>
      <Hsp_qseq>TVKLSMKAPMSVSKPADL</Hsp_qseq>
      <Hsp_hseq>TAELSMKSPMSVSKPADL</Hsp_hseq>
      <Hsp_midline>T +LSMK+PMSVSKPADL</Hsp_midline>
    </Hsp>
  </Hit_hsps>
</Hit>
<Hit>
  <Hit_num>8</Hit_num>
  <Hit_id>gi|474305419|gb|EMS61737.1|</Hit_id>
  <Hit_def>Disease resistance protein RGA2 [Triticum urartu]</Hit_def>
  <Hit_accession>EMS61737</Hit_accession>
  <Hit_len>703</Hit_len>
  <Hit_hsps>
    <Hsp>
      <Hsp_num>1</Hsp_num>
      <Hsp_bit-score>33.4982</Hsp_bit-score>
      <Hsp_score>75</Hsp_score>
      <Hsp_evalue>4.57872</Hsp_evalue>
      <Hsp_query-from>21</Hsp_query-from>
      <Hsp_query-to>74</Hsp_query-to>
      <Hsp_hit-from>683</Hsp_hit-from>
      <Hsp_hit-to>700</Hsp_hit-to>
      <Hsp_query-frame>-1</Hsp_query-frame>
      <Hsp_hit-frame>0</Hsp_hit-frame>
      <Hsp_identity>15</Hsp_identity>
      <Hsp_positive>16</Hsp_positive>
      <Hsp_gaps>0</Hsp_gaps>
      <Hsp_align-len>18</Hsp_align-len>
      <Hsp_qseq>CRCPNRRISGRGSQTVRL</Hsp_qseq>
      <Hsp_hseq>CRCQNRRISGRGSRIVRL</Hsp_hseq>
      <Hsp_midline>CRC NRRISGRGS+ VRL</Hsp_midline>
    </Hsp>
  </Hit_hsps>
</Hit>
<Hit>
  <Hit_num>9</Hit_num>
  <Hit_id>gi|475621312|gb|EMT31432.1|</Hit_id>
  <Hit_def>hypothetical protein F775_11588 [Aegilops tauschii]</Hit_def>
  <Hit_accession>EMT31432</Hit_accession>
  <Hit_len>378</Hit_len>
  <Hit_hsps>
    <Hsp>
      <Hsp_num>1</Hsp_num>
      <Hsp_bit-score>33.113</Hsp_bit-score>
      <Hsp_score>74</Hsp_score>
      <Hsp_evalue>4.9589</Hsp_evalue>
      <Hsp_query-from>29</Hsp_query-from>
      <Hsp_query-to>112</Hsp_query-to>
      <Hsp_hit-from>14</Hsp_hit-from>
      <Hsp_hit-to>41</Hsp_hit-to>
      <Hsp_query-frame>2</Hsp_query-frame>
      <Hsp_hit-frame>0</Hsp_hit-frame>
      <Hsp_identity>15</Hsp_identity>
      <Hsp_positive>19</Hsp_positive>
      <Hsp_gaps>0</Hsp_gaps>
      <Hsp_align-len>28</Hsp_align-len>
      <Hsp_qseq>QFGTPYPRSAGLDTDIGAFIESFTVPLS</Hsp_qseq>
      <Hsp_hseq>ELGTPYPRSAGFDTDSPRYKGAFLIMLS</Hsp_hseq>
      <Hsp_midline>+ GTPYPRSAG DTD   +  +F + LS</Hsp_midline>
    </Hsp>
  </Hit_hsps>
</Hit>
<Hit>
  <Hit_num>10</Hit_num>
  <Hit_id>gi|474372139|gb|EMS63908.1|</Hit_id>
  <Hit_def>hypothetical protein TRIUR3_32624 [Triticum urartu]</Hit_def>
  <Hit_accession>EMS63908</Hit_accession>
  <Hit_len>598</Hit_len>
  <Hit_hsps>
    <Hsp>
      <Hsp_num>1</Hsp_num>
      <Hsp_bit-score>32.7278</Hsp_bit-score>
      <Hsp_score>73</Hsp_score>
      <Hsp_evalue>6.2304</Hsp_evalue>
      <Hsp_query-from>34</Hsp_query-from>
      <Hsp_query-to>102</Hsp_query-to>
      <Hsp_hit-from>21</Hsp_hit-from>
      <Hsp_hit-to>43</Hsp_hit-to>
      <Hsp_query-frame>-3</Hsp_query-frame>
      <Hsp_hit-frame>0</Hsp_hit-frame>
      <Hsp_identity>15</Hsp_identity>
      <Hsp_positive>18</Hsp_positive>
      <Hsp_gaps>0</Hsp_gaps>
      <Hsp_align-len>23</Hsp_align-len>
      <Hsp_qseq>TVKLSMKAPMSVSKPADLG*GVP</Hsp_qseq>
      <Hsp_hseq>TTEISMKAPLSVSKPIDLKVGGP</Hsp_hseq>
      <Hsp_midline>T ++SMKAP+SVSKP DL  G P</Hsp_midline>
    </Hsp>
  </Hit_hsps>
</Hit>
<Hit>
  <Hit_num>11</Hit_num>
  <Hit_id>gi|474069655|gb|EMS54278.1|</Hit_id>
  <Hit_def>hypothetical protein TRIUR3_13181 [Triticum urartu]</Hit_def>
  <Hit_accession>EMS54278</Hit_accession>
  <Hit_len>283</Hit_len>
  <Hit_hsps>
    <Hsp>
      <Hsp_num>1</Hsp_num>
      <Hsp_bit-score>31.9574</Hsp_bit-score>
      <Hsp_score>71</Hsp_score>
      <Hsp_evalue>8.48127</Hsp_evalue>
      <Hsp_query-from>23</Hsp_query-from>
      <Hsp_query-to>109</Hsp_query-to>
      <Hsp_hit-from>256</Hsp_hit-from>
      <Hsp_hit-to>283</Hsp_hit-to>
      <Hsp_query-frame>-2</Hsp_query-frame>
      <Hsp_hit-frame>0</Hsp_hit-frame>
      <Hsp_identity>14</Hsp_identity>
      <Hsp_positive>20</Hsp_positive>
      <Hsp_gaps>1</Hsp_gaps>
      <Hsp_align-len>29</Hsp_align-len>
      <Hsp_qseq>QWHSETLNESTNVGVQTGGSRVGGPKLCV</Hsp_qseq>
      <Hsp_hseq>EWEAE-MARSMVAGVKTGGSWVRGPELCI</Hsp_hseq>
      <Hsp_midline>+W +E +  S   GV+TGGS V GP+LC+</Hsp_midline>
    </Hsp>
  </Hit_hsps>
</Hit>
</Iteration_hits>
  <Iteration_stat>
    <Statistics>
      <Statistics_db-num>35200748</Statistics_db-num>
      <Statistics_db-len>12388037842</Statistics_db-len>
      <Statistics_hsp-len>0</Statistics_hsp-len>
      <Statistics_eff-space>0</Statistics_eff-space>
      <Statistics_kappa>0.041</Statistics_kappa>
      <Statistics_lambda>0.267</Statistics_lambda>
      <Statistics_entropy>0.14</Statistics_entropy>
    </Statistics>
  </Iteration_stat>
</Iteration>
</BlastOutput_iterations>
</BlastOutput>

