<?xml version="1.0"?>
<!DOCTYPE BlastOutput PUBLIC "-//NCBI//NCBI BlastOutput/EN" "http://www.ncbi.nlm.nih.gov/dtd/NCBI_BlastOutput.dtd">
<BlastOutput>
  <BlastOutput_program>blastx</BlastOutput_program>
  <BlastOutput_version>BLASTX 2.2.29+</BlastOutput_version>
  <BlastOutput_reference>Stephen F. Altschul, Thomas L. Madden, Alejandro A. Sch&amp;auml;ffer, Jinghui Zhang, Zheng Zhang, Webb Miller, and David J. Lipman (1997), &quot;Gapped BLAST and PSI-BLAST: a new generation of protein database search programs&quot;, Nucleic Acids Res. 25:3389-3402.</BlastOutput_reference>
  <BlastOutput_db>nr</BlastOutput_db>
  <BlastOutput_query-ID>17511</BlastOutput_query-ID>
  <BlastOutput_query-def>No definition line</BlastOutput_query-def>
  <BlastOutput_query-len>83</BlastOutput_query-len>
  <BlastOutput_param>
    <Parameters>
      <Parameters_matrix>BLOSUM62</Parameters_matrix>
      <Parameters_expect>10</Parameters_expect>
      <Parameters_gap-open>11</Parameters_gap-open>
      <Parameters_gap-extend>1</Parameters_gap-extend>
      <Parameters_filter>F</Parameters_filter>
    </Parameters>
  </BlastOutput_param>
<BlastOutput_iterations>
<Iteration>
  <Iteration_iter-num>1</Iteration_iter-num>
  <Iteration_query-ID>17511</Iteration_query-ID>
  <Iteration_query-def>No definition line</Iteration_query-def>
  <Iteration_query-len>83</Iteration_query-len>
<Iteration_hits>
<Hit>
  <Hit_num>1</Hit_num>
  <Hit_id>gi|395759273|pdb|3TCM|A</Hit_id>
  <Hit_def>Chain A, Crystal Structure Of Alanine Aminotransferase From Hordeum Vulgare &gt;gi|395759274|pdb|3TCM|B Chain B, Crystal Structure Of Alanine Aminotransferase From Hordeum Vulgare</Hit_def>
  <Hit_accession>3TCM_A</Hit_accession>
  <Hit_len>500</Hit_len>
  <Hit_hsps>
    <Hsp>
      <Hsp_num>1</Hsp_num>
      <Hsp_bit-score>60.077</Hsp_bit-score>
      <Hsp_score>144</Hsp_score>
      <Hsp_evalue>1.88189e-09</Hsp_evalue>
      <Hsp_query-from>3</Hsp_query-from>
      <Hsp_query-to>83</Hsp_query-to>
      <Hsp_hit-from>172</Hsp_hit-from>
      <Hsp_hit-to>198</Hsp_hit-to>
      <Hsp_query-frame>-1</Hsp_query-frame>
      <Hsp_hit-frame>0</Hsp_hit-frame>
      <Hsp_identity>27</Hsp_identity>
      <Hsp_positive>27</Hsp_positive>
      <Hsp_gaps>0</Hsp_gaps>
      <Hsp_align-len>27</Hsp_align-len>
      <Hsp_qseq>LMMQLLIRNEKDGILVPIPQYPLYSAS</Hsp_qseq>
      <Hsp_hseq>LMMQLLIRNEKDGILVPIPQYPLYSAS</Hsp_hseq>
      <Hsp_midline>LMMQLLIRNEKDGILVPIPQYPLYSAS</Hsp_midline>
    </Hsp>
  </Hit_hsps>
</Hit>
<Hit>
  <Hit_num>2</Hit_num>
  <Hit_id>gi|1703227|sp|P52894.1|ALA2_HORVU</Hit_id>
  <Hit_def>RecName: Full=Alanine aminotransferase 2; Short=ALAAT-2; AltName: Full=Glutamate pyruvate transaminase 2; Short=GPT; AltName: Full=Glutamic--alanine transaminase 2; AltName: Full=Glutamic--pyruvic transaminase 2 &gt;gi|469148|emb|CAA81231.1| alanine aminotransferase [Hordeum vulgare subsp. vulgare]</Hit_def>
  <Hit_accession>P52894</Hit_accession>
  <Hit_len>482</Hit_len>
  <Hit_hsps>
    <Hsp>
      <Hsp_num>1</Hsp_num>
      <Hsp_bit-score>57.7658</Hsp_bit-score>
      <Hsp_score>138</Hsp_score>
      <Hsp_evalue>9.54851e-09</Hsp_evalue>
      <Hsp_query-from>3</Hsp_query-from>
      <Hsp_query-to>83</Hsp_query-to>
      <Hsp_hit-from>154</Hsp_hit-from>
      <Hsp_hit-to>180</Hsp_hit-to>
      <Hsp_query-frame>-1</Hsp_query-frame>
      <Hsp_hit-frame>0</Hsp_hit-frame>
      <Hsp_identity>27</Hsp_identity>
      <Hsp_positive>27</Hsp_positive>
      <Hsp_gaps>0</Hsp_gaps>
      <Hsp_align-len>27</Hsp_align-len>
      <Hsp_qseq>LMMQLLIRNEKDGILVPIPQYPLYSAS</Hsp_qseq>
      <Hsp_hseq>LMMQLLIRNEKDGILVPIPQYPLYSAS</Hsp_hseq>
      <Hsp_midline>LMMQLLIRNEKDGILVPIPQYPLYSAS</Hsp_midline>
    </Hsp>
  </Hit_hsps>
</Hit>
<Hit>
  <Hit_num>3</Hit_num>
  <Hit_id>gi|475595366|gb|EMT23015.1|</Hit_id>
  <Hit_def>Alanine aminotransferase 2 [Aegilops tauschii]</Hit_def>
  <Hit_accession>EMT23015</Hit_accession>
  <Hit_len>508</Hit_len>
  <Hit_hsps>
    <Hsp>
      <Hsp_num>1</Hsp_num>
      <Hsp_bit-score>57.7658</Hsp_bit-score>
      <Hsp_score>138</Hsp_score>
      <Hsp_evalue>9.72604e-09</Hsp_evalue>
      <Hsp_query-from>3</Hsp_query-from>
      <Hsp_query-to>83</Hsp_query-to>
      <Hsp_hit-from>154</Hsp_hit-from>
      <Hsp_hit-to>180</Hsp_hit-to>
      <Hsp_query-frame>-1</Hsp_query-frame>
      <Hsp_hit-frame>0</Hsp_hit-frame>
      <Hsp_identity>27</Hsp_identity>
      <Hsp_positive>27</Hsp_positive>
      <Hsp_gaps>0</Hsp_gaps>
      <Hsp_align-len>27</Hsp_align-len>
      <Hsp_qseq>LMMQLLIRNEKDGILVPIPQYPLYSAS</Hsp_qseq>
      <Hsp_hseq>LMMQLLIRNEKDGILVPIPQYPLYSAS</Hsp_hseq>
      <Hsp_midline>LMMQLLIRNEKDGILVPIPQYPLYSAS</Hsp_midline>
    </Hsp>
  </Hit_hsps>
</Hit>
<Hit>
  <Hit_num>4</Hit_num>
  <Hit_id>gi|357146026|ref|XP_003573850.1|</Hit_id>
  <Hit_def>PREDICTED: alanine aminotransferase 2-like [Brachypodium distachyon]</Hit_def>
  <Hit_accession>XP_003573850</Hit_accession>
  <Hit_len>481</Hit_len>
  <Hit_hsps>
    <Hsp>
      <Hsp_num>1</Hsp_num>
      <Hsp_bit-score>57.7658</Hsp_bit-score>
      <Hsp_score>138</Hsp_score>
      <Hsp_evalue>1.07137e-08</Hsp_evalue>
      <Hsp_query-from>3</Hsp_query-from>
      <Hsp_query-to>83</Hsp_query-to>
      <Hsp_hit-from>154</Hsp_hit-from>
      <Hsp_hit-to>180</Hsp_hit-to>
      <Hsp_query-frame>-1</Hsp_query-frame>
      <Hsp_hit-frame>0</Hsp_hit-frame>
      <Hsp_identity>27</Hsp_identity>
      <Hsp_positive>27</Hsp_positive>
      <Hsp_gaps>0</Hsp_gaps>
      <Hsp_align-len>27</Hsp_align-len>
      <Hsp_qseq>LMMQLLIRNEKDGILVPIPQYPLYSAS</Hsp_qseq>
      <Hsp_hseq>LMMQLLIRNEKDGILVPIPQYPLYSAS</Hsp_hseq>
      <Hsp_midline>LMMQLLIRNEKDGILVPIPQYPLYSAS</Hsp_midline>
    </Hsp>
  </Hit_hsps>
</Hit>
<Hit>
  <Hit_num>5</Hit_num>
  <Hit_id>gi|473789790|gb|EMS46317.1|</Hit_id>
  <Hit_def>Alanine aminotransferase 2 [Triticum urartu]</Hit_def>
  <Hit_accession>EMS46317</Hit_accession>
  <Hit_len>519</Hit_len>
  <Hit_hsps>
    <Hsp>
      <Hsp_num>1</Hsp_num>
      <Hsp_bit-score>57.7658</Hsp_bit-score>
      <Hsp_score>138</Hsp_score>
      <Hsp_evalue>1.1131e-08</Hsp_evalue>
      <Hsp_query-from>3</Hsp_query-from>
      <Hsp_query-to>83</Hsp_query-to>
      <Hsp_hit-from>165</Hsp_hit-from>
      <Hsp_hit-to>191</Hsp_hit-to>
      <Hsp_query-frame>-1</Hsp_query-frame>
      <Hsp_hit-frame>0</Hsp_hit-frame>
      <Hsp_identity>27</Hsp_identity>
      <Hsp_positive>27</Hsp_positive>
      <Hsp_gaps>0</Hsp_gaps>
      <Hsp_align-len>27</Hsp_align-len>
      <Hsp_qseq>LMMQLLIRNEKDGILVPIPQYPLYSAS</Hsp_qseq>
      <Hsp_hseq>LMMQLLIRNEKDGILVPIPQYPLYSAS</Hsp_hseq>
      <Hsp_midline>LMMQLLIRNEKDGILVPIPQYPLYSAS</Hsp_midline>
    </Hsp>
  </Hit_hsps>
</Hit>
<Hit>
  <Hit_num>6</Hit_num>
  <Hit_id>gi|514816727|ref|XP_004983099.1|</Hit_id>
  <Hit_def>PREDICTED: alanine aminotransferase 2-like [Setaria italica]</Hit_def>
  <Hit_accession>XP_004983099</Hit_accession>
  <Hit_len>482</Hit_len>
  <Hit_hsps>
    <Hsp>
      <Hsp_num>1</Hsp_num>
      <Hsp_bit-score>56.225</Hsp_bit-score>
      <Hsp_score>134</Hsp_score>
      <Hsp_evalue>3.10776e-08</Hsp_evalue>
      <Hsp_query-from>3</Hsp_query-from>
      <Hsp_query-to>83</Hsp_query-to>
      <Hsp_hit-from>154</Hsp_hit-from>
      <Hsp_hit-to>180</Hsp_hit-to>
      <Hsp_query-frame>-1</Hsp_query-frame>
      <Hsp_hit-frame>0</Hsp_hit-frame>
      <Hsp_identity>26</Hsp_identity>
      <Hsp_positive>26</Hsp_positive>
      <Hsp_gaps>0</Hsp_gaps>
      <Hsp_align-len>27</Hsp_align-len>
      <Hsp_qseq>LMMQLLIRNEKDGILVPIPQYPLYSAS</Hsp_qseq>
      <Hsp_hseq>LMMQLLIRNEKDGILCPIPQYPLYSAS</Hsp_hseq>
      <Hsp_midline>LMMQLLIRNEKDGIL PIPQYPLYSAS</Hsp_midline>
    </Hsp>
  </Hit_hsps>
</Hit>
<Hit>
  <Hit_num>7</Hit_num>
  <Hit_id>gi|14018051|gb|AAK52114.1|AC079936_10</Hit_id>
  <Hit_def>Putative alanine aminotransferase [Oryza sativa Japonica Group]</Hit_def>
  <Hit_accession>AAK52114</Hit_accession>
  <Hit_len>484</Hit_len>
  <Hit_hsps>
    <Hsp>
      <Hsp_num>1</Hsp_num>
      <Hsp_bit-score>55.4546</Hsp_bit-score>
      <Hsp_score>132</Hsp_score>
      <Hsp_evalue>5.70628e-08</Hsp_evalue>
      <Hsp_query-from>3</Hsp_query-from>
      <Hsp_query-to>83</Hsp_query-to>
      <Hsp_hit-from>156</Hsp_hit-from>
      <Hsp_hit-to>182</Hsp_hit-to>
      <Hsp_query-frame>-1</Hsp_query-frame>
      <Hsp_hit-frame>0</Hsp_hit-frame>
      <Hsp_identity>25</Hsp_identity>
      <Hsp_positive>26</Hsp_positive>
      <Hsp_gaps>0</Hsp_gaps>
      <Hsp_align-len>27</Hsp_align-len>
      <Hsp_qseq>LMMQLLIRNEKDGILVPIPQYPLYSAS</Hsp_qseq>
      <Hsp_hseq>MMMQLLIRNEKDGILCPIPQYPLYSAS</Hsp_hseq>
      <Hsp_midline>+MMQLLIRNEKDGIL PIPQYPLYSAS</Hsp_midline>
    </Hsp>
  </Hit_hsps>
</Hit>
<Hit>
  <Hit_num>8</Hit_num>
  <Hit_id>gi|115481822|ref|NP_001064504.1|</Hit_id>
  <Hit_def>Os10g0390500 [Oryza sativa Japonica Group] &gt;gi|4730884|dbj|BAA77260.1| alanine aminotransferase [Oryza sativa] &gt;gi|4730886|dbj|BAA77261.1| alanine aminotransferase [Oryza sativa] &gt;gi|78708519|gb|ABB47494.1| Alanine aminotransferase 2, putative, expressed [Oryza sativa Japonica Group] &gt;gi|113639113|dbj|BAF26418.1| Os10g0390500 [Oryza sativa Japonica Group] &gt;gi|169244421|gb|ACA50484.1| alanine aminotransferase [Oryza sativa Japonica Group] &gt;gi|218184449|gb|EEC66876.1| hypothetical protein OsI_33417 [Oryza sativa Indica Group] &gt;gi|222612761|gb|EEE50893.1| hypothetical protein OsJ_31385 [Oryza sativa Japonica Group]</Hit_def>
  <Hit_accession>NP_001064504</Hit_accession>
  <Hit_len>483</Hit_len>
  <Hit_hsps>
    <Hsp>
      <Hsp_num>1</Hsp_num>
      <Hsp_bit-score>55.4546</Hsp_bit-score>
      <Hsp_score>132</Hsp_score>
      <Hsp_evalue>5.86493e-08</Hsp_evalue>
      <Hsp_query-from>3</Hsp_query-from>
      <Hsp_query-to>83</Hsp_query-to>
      <Hsp_hit-from>155</Hsp_hit-from>
      <Hsp_hit-to>181</Hsp_hit-to>
      <Hsp_query-frame>-1</Hsp_query-frame>
      <Hsp_hit-frame>0</Hsp_hit-frame>
      <Hsp_identity>25</Hsp_identity>
      <Hsp_positive>26</Hsp_positive>
      <Hsp_gaps>0</Hsp_gaps>
      <Hsp_align-len>27</Hsp_align-len>
      <Hsp_qseq>LMMQLLIRNEKDGILVPIPQYPLYSAS</Hsp_qseq>
      <Hsp_hseq>MMMQLLIRNEKDGILCPIPQYPLYSAS</Hsp_hseq>
      <Hsp_midline>+MMQLLIRNEKDGIL PIPQYPLYSAS</Hsp_midline>
    </Hsp>
  </Hit_hsps>
</Hit>
<Hit>
  <Hit_num>9</Hit_num>
  <Hit_id>gi|461498|sp|P34106.1|ALA2_PANMI</Hit_id>
  <Hit_def>RecName: Full=Alanine aminotransferase 2; Short=ALAAT-2; AltName: Full=Glutamate pyruvate transaminase 2; Short=GPT; AltName: Full=Glutamic--alanine transaminase 2; AltName: Full=Glutamic--pyruvic transaminase 2 &gt;gi|296204|emb|CAA49199.1| alanine aminotransferase [Panicum miliaceum]</Hit_def>
  <Hit_accession>P34106</Hit_accession>
  <Hit_len>482</Hit_len>
  <Hit_hsps>
    <Hsp>
      <Hsp_num>1</Hsp_num>
      <Hsp_bit-score>55.4546</Hsp_bit-score>
      <Hsp_score>132</Hsp_score>
      <Hsp_evalue>5.96954e-08</Hsp_evalue>
      <Hsp_query-from>3</Hsp_query-from>
      <Hsp_query-to>83</Hsp_query-to>
      <Hsp_hit-from>154</Hsp_hit-from>
      <Hsp_hit-to>180</Hsp_hit-to>
      <Hsp_query-frame>-1</Hsp_query-frame>
      <Hsp_hit-frame>0</Hsp_hit-frame>
      <Hsp_identity>25</Hsp_identity>
      <Hsp_positive>26</Hsp_positive>
      <Hsp_gaps>0</Hsp_gaps>
      <Hsp_align-len>27</Hsp_align-len>
      <Hsp_qseq>LMMQLLIRNEKDGILVPIPQYPLYSAS</Hsp_qseq>
      <Hsp_hseq>MMMQLLIRNEKDGILCPIPQYPLYSAS</Hsp_hseq>
      <Hsp_midline>+MMQLLIRNEKDGIL PIPQYPLYSAS</Hsp_midline>
    </Hsp>
  </Hit_hsps>
</Hit>
<Hit>
  <Hit_num>10</Hit_num>
  <Hit_id>gi|3694807|gb|AAC62456.1|</Hit_id>
  <Hit_def>alanine aminotransferase [Zea mays]</Hit_def>
  <Hit_accession>AAC62456</Hit_accession>
  <Hit_len>482</Hit_len>
  <Hit_hsps>
    <Hsp>
      <Hsp_num>1</Hsp_num>
      <Hsp_bit-score>55.4546</Hsp_bit-score>
      <Hsp_score>132</Hsp_score>
      <Hsp_evalue>6.70954e-08</Hsp_evalue>
      <Hsp_query-from>3</Hsp_query-from>
      <Hsp_query-to>83</Hsp_query-to>
      <Hsp_hit-from>154</Hsp_hit-from>
      <Hsp_hit-to>180</Hsp_hit-to>
      <Hsp_query-frame>-1</Hsp_query-frame>
      <Hsp_hit-frame>0</Hsp_hit-frame>
      <Hsp_identity>25</Hsp_identity>
      <Hsp_positive>26</Hsp_positive>
      <Hsp_gaps>0</Hsp_gaps>
      <Hsp_align-len>27</Hsp_align-len>
      <Hsp_qseq>LMMQLLIRNEKDGILVPIPQYPLYSAS</Hsp_qseq>
      <Hsp_hseq>MMMQLLIRNEKDGILCPIPQYPLYSAS</Hsp_hseq>
      <Hsp_midline>+MMQLLIRNEKDGIL PIPQYPLYSAS</Hsp_midline>
    </Hsp>
  </Hit_hsps>
</Hit>
<Hit>
  <Hit_num>11</Hit_num>
  <Hit_id>gi|226493655|ref|NP_001149227.1|</Hit_id>
  <Hit_def>LOC100282849 [Zea mays] &gt;gi|195625602|gb|ACG34631.1| alanine aminotransferase 2 [Zea mays]</Hit_def>
  <Hit_accession>NP_001149227</Hit_accession>
  <Hit_len>482</Hit_len>
  <Hit_hsps>
    <Hsp>
      <Hsp_num>1</Hsp_num>
      <Hsp_bit-score>55.4546</Hsp_bit-score>
      <Hsp_score>132</Hsp_score>
      <Hsp_evalue>6.8415e-08</Hsp_evalue>
      <Hsp_query-from>3</Hsp_query-from>
      <Hsp_query-to>83</Hsp_query-to>
      <Hsp_hit-from>154</Hsp_hit-from>
      <Hsp_hit-to>180</Hsp_hit-to>
      <Hsp_query-frame>-1</Hsp_query-frame>
      <Hsp_hit-frame>0</Hsp_hit-frame>
      <Hsp_identity>25</Hsp_identity>
      <Hsp_positive>26</Hsp_positive>
      <Hsp_gaps>0</Hsp_gaps>
      <Hsp_align-len>27</Hsp_align-len>
      <Hsp_qseq>LMMQLLIRNEKDGILVPIPQYPLYSAS</Hsp_qseq>
      <Hsp_hseq>MMMQLLIRNEKDGILCPIPQYPLYSAS</Hsp_hseq>
      <Hsp_midline>+MMQLLIRNEKDGIL PIPQYPLYSAS</Hsp_midline>
    </Hsp>
  </Hit_hsps>
</Hit>
<Hit>
  <Hit_num>12</Hit_num>
  <Hit_id>gi|413934299|gb|AFW68850.1|</Hit_id>
  <Hit_def>alanine aminotransferase [Zea mays]</Hit_def>
  <Hit_accession>AFW68850</Hit_accession>
  <Hit_len>482</Hit_len>
  <Hit_hsps>
    <Hsp>
      <Hsp_num>1</Hsp_num>
      <Hsp_bit-score>55.4546</Hsp_bit-score>
      <Hsp_score>132</Hsp_score>
      <Hsp_evalue>7.0443e-08</Hsp_evalue>
      <Hsp_query-from>3</Hsp_query-from>
      <Hsp_query-to>83</Hsp_query-to>
      <Hsp_hit-from>154</Hsp_hit-from>
      <Hsp_hit-to>180</Hsp_hit-to>
      <Hsp_query-frame>-1</Hsp_query-frame>
      <Hsp_hit-frame>0</Hsp_hit-frame>
      <Hsp_identity>25</Hsp_identity>
      <Hsp_positive>26</Hsp_positive>
      <Hsp_gaps>0</Hsp_gaps>
      <Hsp_align-len>27</Hsp_align-len>
      <Hsp_qseq>LMMQLLIRNEKDGILVPIPQYPLYSAS</Hsp_qseq>
      <Hsp_hseq>MMMQLLIRNEKDGILCPIPQYPLYSAS</Hsp_hseq>
      <Hsp_midline>+MMQLLIRNEKDGIL PIPQYPLYSAS</Hsp_midline>
    </Hsp>
  </Hit_hsps>
</Hit>
<Hit>
  <Hit_num>13</Hit_num>
  <Hit_id>gi|147792855|emb|CAN68797.1|</Hit_id>
  <Hit_def>hypothetical protein VITISV_039818 [Vitis vinifera]</Hit_def>
  <Hit_accession>CAN68797</Hit_accession>
  <Hit_len>678</Hit_len>
  <Hit_hsps>
    <Hsp>
      <Hsp_num>1</Hsp_num>
      <Hsp_bit-score>54.6842</Hsp_bit-score>
      <Hsp_score>130</Hsp_score>
      <Hsp_evalue>1.58477e-07</Hsp_evalue>
      <Hsp_query-from>3</Hsp_query-from>
      <Hsp_query-to>83</Hsp_query-to>
      <Hsp_hit-from>343</Hsp_hit-from>
      <Hsp_hit-to>369</Hsp_hit-to>
      <Hsp_query-frame>-1</Hsp_query-frame>
      <Hsp_hit-frame>0</Hsp_hit-frame>
      <Hsp_identity>24</Hsp_identity>
      <Hsp_positive>25</Hsp_positive>
      <Hsp_gaps>0</Hsp_gaps>
      <Hsp_align-len>27</Hsp_align-len>
      <Hsp_qseq>LMMQLLIRNEKDGILVPIPQYPLYSAS</Hsp_qseq>
      <Hsp_hseq>MMMQLLIRTEKDGILCPIPQYPLYSAS</Hsp_hseq>
      <Hsp_midline>+MMQLLIR EKDGIL PIPQYPLYSAS</Hsp_midline>
    </Hsp>
  </Hit_hsps>
</Hit>
<Hit>
  <Hit_num>14</Hit_num>
  <Hit_id>gi|475511848|gb|EMT05433.1|</Hit_id>
  <Hit_def>Alanine aminotransferase 2 [Aegilops tauschii]</Hit_def>
  <Hit_accession>EMT05433</Hit_accession>
  <Hit_len>497</Hit_len>
  <Hit_hsps>
    <Hsp>
      <Hsp_num>1</Hsp_num>
      <Hsp_bit-score>54.299</Hsp_bit-score>
      <Hsp_score>129</Hsp_score>
      <Hsp_evalue>1.60387e-07</Hsp_evalue>
      <Hsp_query-from>3</Hsp_query-from>
      <Hsp_query-to>83</Hsp_query-to>
      <Hsp_hit-from>152</Hsp_hit-from>
      <Hsp_hit-to>178</Hsp_hit-to>
      <Hsp_query-frame>-1</Hsp_query-frame>
      <Hsp_hit-frame>0</Hsp_hit-frame>
      <Hsp_identity>23</Hsp_identity>
      <Hsp_positive>26</Hsp_positive>
      <Hsp_gaps>0</Hsp_gaps>
      <Hsp_align-len>27</Hsp_align-len>
      <Hsp_qseq>LMMQLLIRNEKDGILVPIPQYPLYSAS</Hsp_qseq>
      <Hsp_hseq>MMMQLLIRSEKDGILCPLPQYPLYSAS</Hsp_hseq>
      <Hsp_midline>+MMQLLIR+EKDGIL P+PQYPLYSAS</Hsp_midline>
    </Hsp>
  </Hit_hsps>
</Hit>
<Hit>
  <Hit_num>15</Hit_num>
  <Hit_id>gi|548833413|gb|ERM96039.1|</Hit_id>
  <Hit_def>hypothetical protein AMTR_s00129p00080070 [Amborella trichopoda]</Hit_def>
  <Hit_accession>ERM96039</Hit_accession>
  <Hit_len>405</Hit_len>
  <Hit_hsps>
    <Hsp>
      <Hsp_num>1</Hsp_num>
      <Hsp_bit-score>53.9138</Hsp_bit-score>
      <Hsp_score>128</Hsp_score>
      <Hsp_evalue>1.73992e-07</Hsp_evalue>
      <Hsp_query-from>3</Hsp_query-from>
      <Hsp_query-to>83</Hsp_query-to>
      <Hsp_hit-from>77</Hsp_hit-from>
      <Hsp_hit-to>103</Hsp_hit-to>
      <Hsp_query-frame>-1</Hsp_query-frame>
      <Hsp_hit-frame>0</Hsp_hit-frame>
      <Hsp_identity>23</Hsp_identity>
      <Hsp_positive>26</Hsp_positive>
      <Hsp_gaps>0</Hsp_gaps>
      <Hsp_align-len>27</Hsp_align-len>
      <Hsp_qseq>LMMQLLIRNEKDGILVPIPQYPLYSAS</Hsp_qseq>
      <Hsp_hseq>MMMQLLLRSEKDGILCPIPQYPLYSAS</Hsp_hseq>
      <Hsp_midline>+MMQLL+R+EKDGIL PIPQYPLYSAS</Hsp_midline>
    </Hsp>
  </Hit_hsps>
</Hit>
<Hit>
  <Hit_num>16</Hit_num>
  <Hit_id>gi|474343747|gb|EMS62762.1|</Hit_id>
  <Hit_def>Alanine aminotransferase 2 [Triticum urartu]</Hit_def>
  <Hit_accession>EMS62762</Hit_accession>
  <Hit_len>536</Hit_len>
  <Hit_hsps>
    <Hsp>
      <Hsp_num>1</Hsp_num>
      <Hsp_bit-score>54.299</Hsp_bit-score>
      <Hsp_score>129</Hsp_score>
      <Hsp_evalue>1.86798e-07</Hsp_evalue>
      <Hsp_query-from>3</Hsp_query-from>
      <Hsp_query-to>83</Hsp_query-to>
      <Hsp_hit-from>181</Hsp_hit-from>
      <Hsp_hit-to>207</Hsp_hit-to>
      <Hsp_query-frame>-1</Hsp_query-frame>
      <Hsp_hit-frame>0</Hsp_hit-frame>
      <Hsp_identity>23</Hsp_identity>
      <Hsp_positive>26</Hsp_positive>
      <Hsp_gaps>0</Hsp_gaps>
      <Hsp_align-len>27</Hsp_align-len>
      <Hsp_qseq>LMMQLLIRNEKDGILVPIPQYPLYSAS</Hsp_qseq>
      <Hsp_hseq>MMMQLLIRSEKDGILCPLPQYPLYSAS</Hsp_hseq>
      <Hsp_midline>+MMQLLIR+EKDGIL P+PQYPLYSAS</Hsp_midline>
    </Hsp>
  </Hit_hsps>
</Hit>
<Hit>
  <Hit_num>17</Hit_num>
  <Hit_id>gi|294463431|gb|ADE77246.1|</Hit_id>
  <Hit_def>unknown [Picea sitchensis]</Hit_def>
  <Hit_accession>ADE77246</Hit_accession>
  <Hit_len>329</Hit_len>
  <Hit_hsps>
    <Hsp>
      <Hsp_num>1</Hsp_num>
      <Hsp_bit-score>53.5286</Hsp_bit-score>
      <Hsp_score>127</Hsp_score>
      <Hsp_evalue>2.15422e-07</Hsp_evalue>
      <Hsp_query-from>3</Hsp_query-from>
      <Hsp_query-to>83</Hsp_query-to>
      <Hsp_hit-from>1</Hsp_hit-from>
      <Hsp_hit-to>27</Hsp_hit-to>
      <Hsp_query-frame>-1</Hsp_query-frame>
      <Hsp_hit-frame>0</Hsp_hit-frame>
      <Hsp_identity>24</Hsp_identity>
      <Hsp_positive>26</Hsp_positive>
      <Hsp_gaps>0</Hsp_gaps>
      <Hsp_align-len>27</Hsp_align-len>
      <Hsp_qseq>LMMQLLIRNEKDGILVPIPQYPLYSAS</Hsp_qseq>
      <Hsp_hseq>MMMQLLIRSEKDGILCPIPQYPLYSAS</Hsp_hseq>
      <Hsp_midline>+MMQLLIR+EKDGIL PIPQYPLYSAS</Hsp_midline>
    </Hsp>
  </Hit_hsps>
</Hit>
<Hit>
  <Hit_num>18</Hit_num>
  <Hit_id>gi|326525020|dbj|BAK07780.1|</Hit_id>
  <Hit_def>predicted protein [Hordeum vulgare subsp. vulgare]</Hit_def>
  <Hit_accession>BAK07780</Hit_accession>
  <Hit_len>557</Hit_len>
  <Hit_hsps>
    <Hsp>
      <Hsp_num>1</Hsp_num>
      <Hsp_bit-score>53.9138</Hsp_bit-score>
      <Hsp_score>128</Hsp_score>
      <Hsp_evalue>2.56163e-07</Hsp_evalue>
      <Hsp_query-from>3</Hsp_query-from>
      <Hsp_query-to>83</Hsp_query-to>
      <Hsp_hit-from>214</Hsp_hit-from>
      <Hsp_hit-to>240</Hsp_hit-to>
      <Hsp_query-frame>-1</Hsp_query-frame>
      <Hsp_hit-frame>0</Hsp_hit-frame>
      <Hsp_identity>23</Hsp_identity>
      <Hsp_positive>26</Hsp_positive>
      <Hsp_gaps>0</Hsp_gaps>
      <Hsp_align-len>27</Hsp_align-len>
      <Hsp_qseq>LMMQLLIRNEKDGILVPIPQYPLYSAS</Hsp_qseq>
      <Hsp_hseq>MMMQLLIRSEKDGILCPLPQYPLYSAS</Hsp_hseq>
      <Hsp_midline>+MMQLLIR+EKDGIL P+PQYPLYSAS</Hsp_midline>
    </Hsp>
  </Hit_hsps>
</Hit>
<Hit>
  <Hit_num>19</Hit_num>
  <Hit_id>gi|514741204|ref|XP_004959833.1|</Hit_id>
  <Hit_def>PREDICTED: alanine aminotransferase 2, mitochondrial-like, partial [Setaria italica]</Hit_def>
  <Hit_accession>XP_004959833</Hit_accession>
  <Hit_len>519</Hit_len>
  <Hit_hsps>
    <Hsp>
      <Hsp_num>1</Hsp_num>
      <Hsp_bit-score>53.9138</Hsp_bit-score>
      <Hsp_score>128</Hsp_score>
      <Hsp_evalue>2.74402e-07</Hsp_evalue>
      <Hsp_query-from>3</Hsp_query-from>
      <Hsp_query-to>83</Hsp_query-to>
      <Hsp_hit-from>216</Hsp_hit-from>
      <Hsp_hit-to>242</Hsp_hit-to>
      <Hsp_query-frame>-1</Hsp_query-frame>
      <Hsp_hit-frame>0</Hsp_hit-frame>
      <Hsp_identity>24</Hsp_identity>
      <Hsp_positive>26</Hsp_positive>
      <Hsp_gaps>0</Hsp_gaps>
      <Hsp_align-len>27</Hsp_align-len>
      <Hsp_qseq>LMMQLLIRNEKDGILVPIPQYPLYSAS</Hsp_qseq>
      <Hsp_hseq>MMMQLLIRSEKDGILCPIPQYPLYSAS</Hsp_hseq>
      <Hsp_midline>+MMQLLIR+EKDGIL PIPQYPLYSAS</Hsp_midline>
    </Hsp>
  </Hit_hsps>
</Hit>
<Hit>
  <Hit_num>20</Hit_num>
  <Hit_id>gi|557528787|gb|ESR40037.1|</Hit_id>
  <Hit_def>hypothetical protein CICLE_v10025334mg [Citrus clementina]</Hit_def>
  <Hit_accession>ESR40037</Hit_accession>
  <Hit_len>529</Hit_len>
  <Hit_hsps>
    <Hsp>
      <Hsp_num>1</Hsp_num>
      <Hsp_bit-score>53.5286</Hsp_bit-score>
      <Hsp_score>127</Hsp_score>
      <Hsp_evalue>3.00495e-07</Hsp_evalue>
      <Hsp_query-from>3</Hsp_query-from>
      <Hsp_query-to>83</Hsp_query-to>
      <Hsp_hit-from>201</Hsp_hit-from>
      <Hsp_hit-to>227</Hsp_hit-to>
      <Hsp_query-frame>-1</Hsp_query-frame>
      <Hsp_hit-frame>0</Hsp_hit-frame>
      <Hsp_identity>23</Hsp_identity>
      <Hsp_positive>25</Hsp_positive>
      <Hsp_gaps>0</Hsp_gaps>
      <Hsp_align-len>27</Hsp_align-len>
      <Hsp_qseq>LMMQLLIRNEKDGILVPIPQYPLYSAS</Hsp_qseq>
      <Hsp_hseq>MMMQLLIRSENDGILCPIPQYPLYSAS</Hsp_hseq>
      <Hsp_midline>+MMQLLIR+E DGIL PIPQYPLYSAS</Hsp_midline>
    </Hsp>
  </Hit_hsps>
</Hit>
<Hit>
  <Hit_num>21</Hit_num>
  <Hit_id>gi|217075000|gb|ACJ85860.1|</Hit_id>
  <Hit_def>unknown [Medicago truncatula]</Hit_def>
  <Hit_accession>ACJ85860</Hit_accession>
  <Hit_len>524</Hit_len>
  <Hit_hsps>
    <Hsp>
      <Hsp_num>1</Hsp_num>
      <Hsp_bit-score>53.5286</Hsp_bit-score>
      <Hsp_score>127</Hsp_score>
      <Hsp_evalue>3.07338e-07</Hsp_evalue>
      <Hsp_query-from>3</Hsp_query-from>
      <Hsp_query-to>83</Hsp_query-to>
      <Hsp_hit-from>196</Hsp_hit-from>
      <Hsp_hit-to>222</Hsp_hit-to>
      <Hsp_query-frame>-1</Hsp_query-frame>
      <Hsp_hit-frame>0</Hsp_hit-frame>
      <Hsp_identity>24</Hsp_identity>
      <Hsp_positive>26</Hsp_positive>
      <Hsp_gaps>0</Hsp_gaps>
      <Hsp_align-len>27</Hsp_align-len>
      <Hsp_qseq>LMMQLLIRNEKDGILVPIPQYPLYSAS</Hsp_qseq>
      <Hsp_hseq>MMMQLLIRSEKDGILCPIPQYPLYSAS</Hsp_hseq>
      <Hsp_midline>+MMQLLIR+EKDGIL PIPQYPLYSAS</Hsp_midline>
    </Hsp>
  </Hit_hsps>
</Hit>
<Hit>
  <Hit_num>22</Hit_num>
  <Hit_id>gi|224119694|ref|XP_002331223.1|</Hit_id>
  <Hit_def>predicted protein [Populus trichocarpa] &gt;gi|566149352|ref|XP_006369083.1| alanine aminotransferas family protein [Populus trichocarpa] &gt;gi|550347442|gb|ERP65652.1| alanine aminotransferas family protein [Populus trichocarpa]</Hit_def>
  <Hit_accession>XP_002331223</Hit_accession>
  <Hit_len>481</Hit_len>
  <Hit_hsps>
    <Hsp>
      <Hsp_num>1</Hsp_num>
      <Hsp_bit-score>53.5286</Hsp_bit-score>
      <Hsp_score>127</Hsp_score>
      <Hsp_evalue>3.11568e-07</Hsp_evalue>
      <Hsp_query-from>3</Hsp_query-from>
      <Hsp_query-to>83</Hsp_query-to>
      <Hsp_hit-from>153</Hsp_hit-from>
      <Hsp_hit-to>179</Hsp_hit-to>
      <Hsp_query-frame>-1</Hsp_query-frame>
      <Hsp_hit-frame>0</Hsp_hit-frame>
      <Hsp_identity>24</Hsp_identity>
      <Hsp_positive>26</Hsp_positive>
      <Hsp_gaps>0</Hsp_gaps>
      <Hsp_align-len>27</Hsp_align-len>
      <Hsp_qseq>LMMQLLIRNEKDGILVPIPQYPLYSAS</Hsp_qseq>
      <Hsp_hseq>MMMQLLIRSEKDGILCPIPQYPLYSAS</Hsp_hseq>
      <Hsp_midline>+MMQLLIR+EKDGIL PIPQYPLYSAS</Hsp_midline>
    </Hsp>
  </Hit_hsps>
</Hit>
<Hit>
  <Hit_num>23</Hit_num>
  <Hit_id>gi|388503676|gb|AFK39904.1|</Hit_id>
  <Hit_def>unknown [Medicago truncatula]</Hit_def>
  <Hit_accession>AFK39904</Hit_accession>
  <Hit_len>524</Hit_len>
  <Hit_hsps>
    <Hsp>
      <Hsp_num>1</Hsp_num>
      <Hsp_bit-score>53.5286</Hsp_bit-score>
      <Hsp_score>127</Hsp_score>
      <Hsp_evalue>3.13353e-07</Hsp_evalue>
      <Hsp_query-from>3</Hsp_query-from>
      <Hsp_query-to>83</Hsp_query-to>
      <Hsp_hit-from>196</Hsp_hit-from>
      <Hsp_hit-to>222</Hsp_hit-to>
      <Hsp_query-frame>-1</Hsp_query-frame>
      <Hsp_hit-frame>0</Hsp_hit-frame>
      <Hsp_identity>24</Hsp_identity>
      <Hsp_positive>26</Hsp_positive>
      <Hsp_gaps>0</Hsp_gaps>
      <Hsp_align-len>27</Hsp_align-len>
      <Hsp_qseq>LMMQLLIRNEKDGILVPIPQYPLYSAS</Hsp_qseq>
      <Hsp_hseq>MMMQLLIRSEKDGILCPIPQYPLYSAS</Hsp_hseq>
      <Hsp_midline>+MMQLLIR+EKDGIL PIPQYPLYSAS</Hsp_midline>
    </Hsp>
  </Hit_hsps>
</Hit>
<Hit>
  <Hit_num>24</Hit_num>
  <Hit_id>gi|357514319|ref|XP_003627448.1|</Hit_id>
  <Hit_def>Alanine aminotransferase [Medicago truncatula] &gt;gi|355521470|gb|AET01924.1| Alanine aminotransferase [Medicago truncatula]</Hit_def>
  <Hit_accession>XP_003627448</Hit_accession>
  <Hit_len>524</Hit_len>
  <Hit_hsps>
    <Hsp>
      <Hsp_num>1</Hsp_num>
      <Hsp_bit-score>53.5286</Hsp_bit-score>
      <Hsp_score>127</Hsp_score>
      <Hsp_evalue>3.19485e-07</Hsp_evalue>
      <Hsp_query-from>3</Hsp_query-from>
      <Hsp_query-to>83</Hsp_query-to>
      <Hsp_hit-from>196</Hsp_hit-from>
      <Hsp_hit-to>222</Hsp_hit-to>
      <Hsp_query-frame>-1</Hsp_query-frame>
      <Hsp_hit-frame>0</Hsp_hit-frame>
      <Hsp_identity>24</Hsp_identity>
      <Hsp_positive>26</Hsp_positive>
      <Hsp_gaps>0</Hsp_gaps>
      <Hsp_align-len>27</Hsp_align-len>
      <Hsp_qseq>LMMQLLIRNEKDGILVPIPQYPLYSAS</Hsp_qseq>
      <Hsp_hseq>MMMQLLIRSEKDGILCPIPQYPLYSAS</Hsp_hseq>
      <Hsp_midline>+MMQLLIR+EKDGIL PIPQYPLYSAS</Hsp_midline>
    </Hsp>
  </Hit_hsps>
</Hit>
<Hit>
  <Hit_num>25</Hit_num>
  <Hit_id>gi|557528788|gb|ESR40038.1|</Hit_id>
  <Hit_def>hypothetical protein CICLE_v10025334mg [Citrus clementina]</Hit_def>
  <Hit_accession>ESR40038</Hit_accession>
  <Hit_len>533</Hit_len>
  <Hit_hsps>
    <Hsp>
      <Hsp_num>1</Hsp_num>
      <Hsp_bit-score>53.5286</Hsp_bit-score>
      <Hsp_score>127</Hsp_score>
      <Hsp_evalue>3.52663e-07</Hsp_evalue>
      <Hsp_query-from>3</Hsp_query-from>
      <Hsp_query-to>83</Hsp_query-to>
      <Hsp_hit-from>205</Hsp_hit-from>
      <Hsp_hit-to>231</Hsp_hit-to>
      <Hsp_query-frame>-1</Hsp_query-frame>
      <Hsp_hit-frame>0</Hsp_hit-frame>
      <Hsp_identity>23</Hsp_identity>
      <Hsp_positive>25</Hsp_positive>
      <Hsp_gaps>0</Hsp_gaps>
      <Hsp_align-len>27</Hsp_align-len>
      <Hsp_qseq>LMMQLLIRNEKDGILVPIPQYPLYSAS</Hsp_qseq>
      <Hsp_hseq>MMMQLLIRSENDGILCPIPQYPLYSAS</Hsp_hseq>
      <Hsp_midline>+MMQLLIR+E DGIL PIPQYPLYSAS</Hsp_midline>
    </Hsp>
  </Hit_hsps>
</Hit>
<Hit>
  <Hit_num>26</Hit_num>
  <Hit_id>gi|566161304|ref|XP_002304255.2|</Hit_id>
  <Hit_def>hypothetical protein POPTR_0003s07020g [Populus trichocarpa] &gt;gi|550342598|gb|EEE79234.2| hypothetical protein POPTR_0003s07020g [Populus trichocarpa]</Hit_def>
  <Hit_accession>XP_002304255</Hit_accession>
  <Hit_len>481</Hit_len>
  <Hit_hsps>
    <Hsp>
      <Hsp_num>1</Hsp_num>
      <Hsp_bit-score>53.1434</Hsp_bit-score>
      <Hsp_score>126</Hsp_score>
      <Hsp_evalue>4.17041e-07</Hsp_evalue>
      <Hsp_query-from>3</Hsp_query-from>
      <Hsp_query-to>83</Hsp_query-to>
      <Hsp_hit-from>153</Hsp_hit-from>
      <Hsp_hit-to>179</Hsp_hit-to>
      <Hsp_query-frame>-1</Hsp_query-frame>
      <Hsp_hit-frame>0</Hsp_hit-frame>
      <Hsp_identity>24</Hsp_identity>
      <Hsp_positive>26</Hsp_positive>
      <Hsp_gaps>0</Hsp_gaps>
      <Hsp_align-len>27</Hsp_align-len>
      <Hsp_qseq>LMMQLLIRNEKDGILVPIPQYPLYSAS</Hsp_qseq>
      <Hsp_hseq>MMMQLLIRSEKDGILCPIPQYPLYSAS</Hsp_hseq>
      <Hsp_midline>+MMQLLIR+EKDGIL PIPQYPLYSAS</Hsp_midline>
    </Hsp>
  </Hit_hsps>
</Hit>
<Hit>
  <Hit_num>27</Hit_num>
  <Hit_id>gi|359482440|ref|XP_002265294.2|</Hit_id>
  <Hit_def>PREDICTED: alanine aminotransferase 2 [Vitis vinifera]</Hit_def>
  <Hit_accession>XP_002265294</Hit_accession>
  <Hit_len>526</Hit_len>
  <Hit_hsps>
    <Hsp>
      <Hsp_num>1</Hsp_num>
      <Hsp_bit-score>53.1434</Hsp_bit-score>
      <Hsp_score>126</Hsp_score>
      <Hsp_evalue>4.32529e-07</Hsp_evalue>
      <Hsp_query-from>3</Hsp_query-from>
      <Hsp_query-to>83</Hsp_query-to>
      <Hsp_hit-from>198</Hsp_hit-from>
      <Hsp_hit-to>224</Hsp_hit-to>
      <Hsp_query-frame>-1</Hsp_query-frame>
      <Hsp_hit-frame>0</Hsp_hit-frame>
      <Hsp_identity>24</Hsp_identity>
      <Hsp_positive>25</Hsp_positive>
      <Hsp_gaps>0</Hsp_gaps>
      <Hsp_align-len>27</Hsp_align-len>
      <Hsp_qseq>LMMQLLIRNEKDGILVPIPQYPLYSAS</Hsp_qseq>
      <Hsp_hseq>MMMQLLIRTEKDGILCPIPQYPLYSAS</Hsp_hseq>
      <Hsp_midline>+MMQLLIR EKDGIL PIPQYPLYSAS</Hsp_midline>
    </Hsp>
  </Hit_hsps>
</Hit>
<Hit>
  <Hit_num>28</Hit_num>
  <Hit_id>gi|508780134|gb|EOY27390.1|</Hit_id>
  <Hit_def>Alanine aminotransferase 2 [Theobroma cacao]</Hit_def>
  <Hit_accession>EOY27390</Hit_accession>
  <Hit_len>539</Hit_len>
  <Hit_hsps>
    <Hsp>
      <Hsp_num>1</Hsp_num>
      <Hsp_bit-score>53.1434</Hsp_bit-score>
      <Hsp_score>126</Hsp_score>
      <Hsp_evalue>4.65896e-07</Hsp_evalue>
      <Hsp_query-from>3</Hsp_query-from>
      <Hsp_query-to>83</Hsp_query-to>
      <Hsp_hit-from>211</Hsp_hit-from>
      <Hsp_hit-to>237</Hsp_hit-to>
      <Hsp_query-frame>-1</Hsp_query-frame>
      <Hsp_hit-frame>0</Hsp_hit-frame>
      <Hsp_identity>23</Hsp_identity>
      <Hsp_positive>25</Hsp_positive>
      <Hsp_gaps>0</Hsp_gaps>
      <Hsp_align-len>27</Hsp_align-len>
      <Hsp_qseq>LMMQLLIRNEKDGILVPIPQYPLYSAS</Hsp_qseq>
      <Hsp_hseq>MMMQLLIRSEKDGIFCPIPQYPLYSAS</Hsp_hseq>
      <Hsp_midline>+MMQLLIR+EKDGI  PIPQYPLYSAS</Hsp_midline>
    </Hsp>
  </Hit_hsps>
</Hit>
<Hit>
  <Hit_num>29</Hit_num>
  <Hit_id>gi|297742929|emb|CBI35796.3|</Hit_id>
  <Hit_def>unnamed protein product [Vitis vinifera]</Hit_def>
  <Hit_accession>CBI35796</Hit_accession>
  <Hit_len>482</Hit_len>
  <Hit_hsps>
    <Hsp>
      <Hsp_num>1</Hsp_num>
      <Hsp_bit-score>53.1434</Hsp_bit-score>
      <Hsp_score>126</Hsp_score>
      <Hsp_evalue>4.87978e-07</Hsp_evalue>
      <Hsp_query-from>3</Hsp_query-from>
      <Hsp_query-to>83</Hsp_query-to>
      <Hsp_hit-from>154</Hsp_hit-from>
      <Hsp_hit-to>180</Hsp_hit-to>
      <Hsp_query-frame>-1</Hsp_query-frame>
      <Hsp_hit-frame>0</Hsp_hit-frame>
      <Hsp_identity>24</Hsp_identity>
      <Hsp_positive>25</Hsp_positive>
      <Hsp_gaps>0</Hsp_gaps>
      <Hsp_align-len>27</Hsp_align-len>
      <Hsp_qseq>LMMQLLIRNEKDGILVPIPQYPLYSAS</Hsp_qseq>
      <Hsp_hseq>MMMQLLIRTEKDGILCPIPQYPLYSAS</Hsp_hseq>
      <Hsp_midline>+MMQLLIR EKDGIL PIPQYPLYSAS</Hsp_midline>
    </Hsp>
  </Hit_hsps>
</Hit>
<Hit>
  <Hit_num>30</Hit_num>
  <Hit_id>gi|357121912|ref|XP_003562661.1|</Hit_id>
  <Hit_def>PREDICTED: alanine aminotransferase 2-like [Brachypodium distachyon]</Hit_def>
  <Hit_accession>XP_003562661</Hit_accession>
  <Hit_len>571</Hit_len>
  <Hit_hsps>
    <Hsp>
      <Hsp_num>1</Hsp_num>
      <Hsp_bit-score>52.373</Hsp_bit-score>
      <Hsp_score>124</Hsp_score>
      <Hsp_evalue>8.3738e-07</Hsp_evalue>
      <Hsp_query-from>3</Hsp_query-from>
      <Hsp_query-to>83</Hsp_query-to>
      <Hsp_hit-from>210</Hsp_hit-from>
      <Hsp_hit-to>236</Hsp_hit-to>
      <Hsp_query-frame>-1</Hsp_query-frame>
      <Hsp_hit-frame>0</Hsp_hit-frame>
      <Hsp_identity>23</Hsp_identity>
      <Hsp_positive>26</Hsp_positive>
      <Hsp_gaps>0</Hsp_gaps>
      <Hsp_align-len>27</Hsp_align-len>
      <Hsp_qseq>LMMQLLIRNEKDGILVPIPQYPLYSAS</Hsp_qseq>
      <Hsp_hseq>MMMQLLIRSEKDGILCPLPQYPLYSAS</Hsp_hseq>
      <Hsp_midline>+MMQLLIR+EKDGIL P+PQYPLYSAS</Hsp_midline>
    </Hsp>
  </Hit_hsps>
</Hit>
<Hit>
  <Hit_num>31</Hit_num>
  <Hit_id>gi|115473371|ref|NP_001060284.1|</Hit_id>
  <Hit_def>Os07g0617800 [Oryza sativa Japonica Group] &gt;gi|113611820|dbj|BAF22198.1| Os07g0617800 [Oryza sativa Japonica Group]</Hit_def>
  <Hit_accession>NP_001060284</Hit_accession>
  <Hit_len>329</Hit_len>
  <Hit_hsps>
    <Hsp>
      <Hsp_num>1</Hsp_num>
      <Hsp_bit-score>51.6026</Hsp_bit-score>
      <Hsp_score>122</Hsp_score>
      <Hsp_evalue>9.89517e-07</Hsp_evalue>
      <Hsp_query-from>3</Hsp_query-from>
      <Hsp_query-to>83</Hsp_query-to>
      <Hsp_hit-from>1</Hsp_hit-from>
      <Hsp_hit-to>27</Hsp_hit-to>
      <Hsp_query-frame>-1</Hsp_query-frame>
      <Hsp_hit-frame>0</Hsp_hit-frame>
      <Hsp_identity>23</Hsp_identity>
      <Hsp_positive>25</Hsp_positive>
      <Hsp_gaps>0</Hsp_gaps>
      <Hsp_align-len>27</Hsp_align-len>
      <Hsp_qseq>LMMQLLIRNEKDGILVPIPQYPLYSAS</Hsp_qseq>
      <Hsp_hseq>MMMQLLIRSENDGILCPIPQYPLYSAS</Hsp_hseq>
      <Hsp_midline>+MMQLLIR+E DGIL PIPQYPLYSAS</Hsp_midline>
    </Hsp>
  </Hit_hsps>
</Hit>
<Hit>
  <Hit_num>32</Hit_num>
  <Hit_id>gi|351723963|ref|NP_001237553.1|</Hit_id>
  <Hit_def>alanine aminotransferase 1 [Glycine max] &gt;gi|158122135|gb|ABW17196.1| alanine aminotransferase 1 [Glycine max]</Hit_def>
  <Hit_accession>NP_001237553</Hit_accession>
  <Hit_len>486</Hit_len>
  <Hit_hsps>
    <Hsp>
      <Hsp_num>1</Hsp_num>
      <Hsp_bit-score>51.9878</Hsp_bit-score>
      <Hsp_score>123</Hsp_score>
      <Hsp_evalue>1.21114e-06</Hsp_evalue>
      <Hsp_query-from>3</Hsp_query-from>
      <Hsp_query-to>80</Hsp_query-to>
      <Hsp_hit-from>159</Hsp_hit-from>
      <Hsp_hit-to>184</Hsp_hit-to>
      <Hsp_query-frame>-1</Hsp_query-frame>
      <Hsp_hit-frame>0</Hsp_hit-frame>
      <Hsp_identity>23</Hsp_identity>
      <Hsp_positive>24</Hsp_positive>
      <Hsp_gaps>0</Hsp_gaps>
      <Hsp_align-len>26</Hsp_align-len>
      <Hsp_qseq>MMQLLIRNEKDGILVPIPQYPLYSAS</Hsp_qseq>
      <Hsp_hseq>MMQLLIRSENDGILCPIPQYPLYSAS</Hsp_hseq>
      <Hsp_midline>MMQLLIR+E DGIL PIPQYPLYSAS</Hsp_midline>
    </Hsp>
  </Hit_hsps>
</Hit>
<Hit>
  <Hit_num>33</Hit_num>
  <Hit_id>gi|355755168|gb|AET06148.1|</Hit_id>
  <Hit_def>PLP-dependent aminotransferase [Papaver somniferum]</Hit_def>
  <Hit_accession>AET06148</Hit_accession>
  <Hit_len>484</Hit_len>
  <Hit_hsps>
    <Hsp>
      <Hsp_num>1</Hsp_num>
      <Hsp_bit-score>51.9878</Hsp_bit-score>
      <Hsp_score>123</Hsp_score>
      <Hsp_evalue>1.25524e-06</Hsp_evalue>
      <Hsp_query-from>3</Hsp_query-from>
      <Hsp_query-to>83</Hsp_query-to>
      <Hsp_hit-from>156</Hsp_hit-from>
      <Hsp_hit-to>182</Hsp_hit-to>
      <Hsp_query-frame>-1</Hsp_query-frame>
      <Hsp_hit-frame>0</Hsp_hit-frame>
      <Hsp_identity>22</Hsp_identity>
      <Hsp_positive>25</Hsp_positive>
      <Hsp_gaps>0</Hsp_gaps>
      <Hsp_align-len>27</Hsp_align-len>
      <Hsp_qseq>LMMQLLIRNEKDGILVPIPQYPLYSAS</Hsp_qseq>
      <Hsp_hseq>MMMQLLISSEKDGVLCPIPQYPLYSAS</Hsp_hseq>
      <Hsp_midline>+MMQLLI +EKDG+L PIPQYPLYSAS</Hsp_midline>
    </Hsp>
  </Hit_hsps>
</Hit>
<Hit>
  <Hit_num>34</Hit_num>
  <Hit_id>gi|356520168|ref|XP_003528736.1|</Hit_id>
  <Hit_def>PREDICTED: alanine aminotransferase 2-like isoform 1 [Glycine max]</Hit_def>
  <Hit_accession>XP_003528736</Hit_accession>
  <Hit_len>541</Hit_len>
  <Hit_hsps>
    <Hsp>
      <Hsp_num>1</Hsp_num>
      <Hsp_bit-score>51.9878</Hsp_bit-score>
      <Hsp_score>123</Hsp_score>
      <Hsp_evalue>1.34004e-06</Hsp_evalue>
      <Hsp_query-from>3</Hsp_query-from>
      <Hsp_query-to>80</Hsp_query-to>
      <Hsp_hit-from>214</Hsp_hit-from>
      <Hsp_hit-to>239</Hsp_hit-to>
      <Hsp_query-frame>-1</Hsp_query-frame>
      <Hsp_hit-frame>0</Hsp_hit-frame>
      <Hsp_identity>23</Hsp_identity>
      <Hsp_positive>24</Hsp_positive>
      <Hsp_gaps>0</Hsp_gaps>
      <Hsp_align-len>26</Hsp_align-len>
      <Hsp_qseq>MMQLLIRNEKDGILVPIPQYPLYSAS</Hsp_qseq>
      <Hsp_hseq>MMQLLIRSENDGILCPIPQYPLYSAS</Hsp_hseq>
      <Hsp_midline>MMQLLIR+E DGIL PIPQYPLYSAS</Hsp_midline>
    </Hsp>
  </Hit_hsps>
</Hit>
<Hit>
  <Hit_num>35</Hit_num>
  <Hit_id>gi|502156630|ref|XP_004510570.1|</Hit_id>
  <Hit_def>PREDICTED: alanine aminotransferase 2, mitochondrial-like [Cicer arietinum]</Hit_def>
  <Hit_accession>XP_004510570</Hit_accession>
  <Hit_len>531</Hit_len>
  <Hit_hsps>
    <Hsp>
      <Hsp_num>1</Hsp_num>
      <Hsp_bit-score>51.6026</Hsp_bit-score>
      <Hsp_score>122</Hsp_score>
      <Hsp_evalue>1.39016e-06</Hsp_evalue>
      <Hsp_query-from>3</Hsp_query-from>
      <Hsp_query-to>83</Hsp_query-to>
      <Hsp_hit-from>203</Hsp_hit-from>
      <Hsp_hit-to>229</Hsp_hit-to>
      <Hsp_query-frame>-1</Hsp_query-frame>
      <Hsp_hit-frame>0</Hsp_hit-frame>
      <Hsp_identity>23</Hsp_identity>
      <Hsp_positive>25</Hsp_positive>
      <Hsp_gaps>0</Hsp_gaps>
      <Hsp_align-len>27</Hsp_align-len>
      <Hsp_qseq>LMMQLLIRNEKDGILVPIPQYPLYSAS</Hsp_qseq>
      <Hsp_hseq>MMMQLLIRSENDGILCPIPQYPLYSAS</Hsp_hseq>
      <Hsp_midline>+MMQLLIR+E DGIL PIPQYPLYSAS</Hsp_midline>
    </Hsp>
  </Hit_hsps>
</Hit>
<Hit>
  <Hit_num>36</Hit_num>
  <Hit_id>gi|33146868|dbj|BAC79866.1|</Hit_id>
  <Hit_def>putative alanine aminotransferase [Oryza sativa Japonica Group] &gt;gi|33146947|dbj|BAC79995.1| putative alanine aminotransferase [Oryza sativa Japonica Group]</Hit_def>
  <Hit_accession>BAC79866</Hit_accession>
  <Hit_len>486</Hit_len>
  <Hit_hsps>
    <Hsp>
      <Hsp_num>1</Hsp_num>
      <Hsp_bit-score>51.6026</Hsp_bit-score>
      <Hsp_score>122</Hsp_score>
      <Hsp_evalue>1.42825e-06</Hsp_evalue>
      <Hsp_query-from>3</Hsp_query-from>
      <Hsp_query-to>83</Hsp_query-to>
      <Hsp_hit-from>158</Hsp_hit-from>
      <Hsp_hit-to>184</Hsp_hit-to>
      <Hsp_query-frame>-1</Hsp_query-frame>
      <Hsp_hit-frame>0</Hsp_hit-frame>
      <Hsp_identity>23</Hsp_identity>
      <Hsp_positive>25</Hsp_positive>
      <Hsp_gaps>0</Hsp_gaps>
      <Hsp_align-len>27</Hsp_align-len>
      <Hsp_qseq>LMMQLLIRNEKDGILVPIPQYPLYSAS</Hsp_qseq>
      <Hsp_hseq>MMMQLLIRSENDGILCPIPQYPLYSAS</Hsp_hseq>
      <Hsp_midline>+MMQLLIR+E DGIL PIPQYPLYSAS</Hsp_midline>
    </Hsp>
  </Hit_hsps>
</Hit>
<Hit>
  <Hit_num>37</Hit_num>
  <Hit_id>gi|222637461|gb|EEE67593.1|</Hit_id>
  <Hit_def>hypothetical protein OsJ_25140 [Oryza sativa Japonica Group]</Hit_def>
  <Hit_accession>EEE67593</Hit_accession>
  <Hit_len>546</Hit_len>
  <Hit_hsps>
    <Hsp>
      <Hsp_num>1</Hsp_num>
      <Hsp_bit-score>51.6026</Hsp_bit-score>
      <Hsp_score>122</Hsp_score>
      <Hsp_evalue>1.48427e-06</Hsp_evalue>
      <Hsp_query-from>3</Hsp_query-from>
      <Hsp_query-to>83</Hsp_query-to>
      <Hsp_hit-from>218</Hsp_hit-from>
      <Hsp_hit-to>244</Hsp_hit-to>
      <Hsp_query-frame>-1</Hsp_query-frame>
      <Hsp_hit-frame>0</Hsp_hit-frame>
      <Hsp_identity>23</Hsp_identity>
      <Hsp_positive>25</Hsp_positive>
      <Hsp_gaps>0</Hsp_gaps>
      <Hsp_align-len>27</Hsp_align-len>
      <Hsp_qseq>LMMQLLIRNEKDGILVPIPQYPLYSAS</Hsp_qseq>
      <Hsp_hseq>MMMQLLIRSENDGILCPIPQYPLYSAS</Hsp_hseq>
      <Hsp_midline>+MMQLLIR+E DGIL PIPQYPLYSAS</Hsp_midline>
    </Hsp>
  </Hit_hsps>
</Hit>
<Hit>
  <Hit_num>38</Hit_num>
  <Hit_id>gi|218200020|gb|EEC82447.1|</Hit_id>
  <Hit_def>hypothetical protein OsI_26881 [Oryza sativa Indica Group]</Hit_def>
  <Hit_accession>EEC82447</Hit_accession>
  <Hit_len>546</Hit_len>
  <Hit_hsps>
    <Hsp>
      <Hsp_num>1</Hsp_num>
      <Hsp_bit-score>51.6026</Hsp_bit-score>
      <Hsp_score>122</Hsp_score>
      <Hsp_evalue>1.48427e-06</Hsp_evalue>
      <Hsp_query-from>3</Hsp_query-from>
      <Hsp_query-to>83</Hsp_query-to>
      <Hsp_hit-from>218</Hsp_hit-from>
      <Hsp_hit-to>244</Hsp_hit-to>
      <Hsp_query-frame>-1</Hsp_query-frame>
      <Hsp_hit-frame>0</Hsp_hit-frame>
      <Hsp_identity>23</Hsp_identity>
      <Hsp_positive>25</Hsp_positive>
      <Hsp_gaps>0</Hsp_gaps>
      <Hsp_align-len>27</Hsp_align-len>
      <Hsp_qseq>LMMQLLIRNEKDGILVPIPQYPLYSAS</Hsp_qseq>
      <Hsp_hseq>MMMQLLIRSENDGILCPIPQYPLYSAS</Hsp_hseq>
      <Hsp_midline>+MMQLLIR+E DGIL PIPQYPLYSAS</Hsp_midline>
    </Hsp>
  </Hit_hsps>
</Hit>
<Hit>
  <Hit_num>39</Hit_num>
  <Hit_id>gi|565382179|ref|XP_006357426.1|</Hit_id>
  <Hit_def>PREDICTED: alanine aminotransferase 2, mitochondrial-like [Solanum tuberosum]</Hit_def>
  <Hit_accession>XP_006357426</Hit_accession>
  <Hit_len>541</Hit_len>
  <Hit_hsps>
    <Hsp>
      <Hsp_num>1</Hsp_num>
      <Hsp_bit-score>51.6026</Hsp_bit-score>
      <Hsp_score>122</Hsp_score>
      <Hsp_evalue>1.49034e-06</Hsp_evalue>
      <Hsp_query-from>3</Hsp_query-from>
      <Hsp_query-to>83</Hsp_query-to>
      <Hsp_hit-from>213</Hsp_hit-from>
      <Hsp_hit-to>239</Hsp_hit-to>
      <Hsp_query-frame>-1</Hsp_query-frame>
      <Hsp_hit-frame>0</Hsp_hit-frame>
      <Hsp_identity>23</Hsp_identity>
      <Hsp_positive>25</Hsp_positive>
      <Hsp_gaps>0</Hsp_gaps>
      <Hsp_align-len>27</Hsp_align-len>
      <Hsp_qseq>LMMQLLIRNEKDGILVPIPQYPLYSAS</Hsp_qseq>
      <Hsp_hseq>MMMQLLIRSENDGILCPIPQYPLYSAS</Hsp_hseq>
      <Hsp_midline>+MMQLLIR+E DGIL PIPQYPLYSAS</Hsp_midline>
    </Hsp>
  </Hit_hsps>
</Hit>
<Hit>
  <Hit_num>40</Hit_num>
  <Hit_id>gi|527188509|gb|EPS60556.1|</Hit_id>
  <Hit_def>hypothetical protein M569_14246, partial [Genlisea aurea]</Hit_def>
  <Hit_accession>EPS60556</Hit_accession>
  <Hit_len>491</Hit_len>
  <Hit_hsps>
    <Hsp>
      <Hsp_num>1</Hsp_num>
      <Hsp_bit-score>51.6026</Hsp_bit-score>
      <Hsp_score>122</Hsp_score>
      <Hsp_evalue>1.52503e-06</Hsp_evalue>
      <Hsp_query-from>3</Hsp_query-from>
      <Hsp_query-to>83</Hsp_query-to>
      <Hsp_hit-from>164</Hsp_hit-from>
      <Hsp_hit-to>190</Hsp_hit-to>
      <Hsp_query-frame>-1</Hsp_query-frame>
      <Hsp_hit-frame>0</Hsp_hit-frame>
      <Hsp_identity>23</Hsp_identity>
      <Hsp_positive>25</Hsp_positive>
      <Hsp_gaps>0</Hsp_gaps>
      <Hsp_align-len>27</Hsp_align-len>
      <Hsp_qseq>LMMQLLIRNEKDGILVPIPQYPLYSAS</Hsp_qseq>
      <Hsp_hseq>MMMQLLIRSENDGILCPIPQYPLYSAS</Hsp_hseq>
      <Hsp_midline>+MMQLLIR+E DGIL PIPQYPLYSAS</Hsp_midline>
    </Hsp>
  </Hit_hsps>
</Hit>
<Hit>
  <Hit_num>41</Hit_num>
  <Hit_id>gi|460392505|ref|XP_004241856.1|</Hit_id>
  <Hit_def>PREDICTED: alanine aminotransferase 2, mitochondrial-like [Solanum lycopersicum]</Hit_def>
  <Hit_accession>XP_004241856</Hit_accession>
  <Hit_len>542</Hit_len>
  <Hit_hsps>
    <Hsp>
      <Hsp_num>1</Hsp_num>
      <Hsp_bit-score>51.6026</Hsp_bit-score>
      <Hsp_score>122</Hsp_score>
      <Hsp_evalue>1.58108e-06</Hsp_evalue>
      <Hsp_query-from>3</Hsp_query-from>
      <Hsp_query-to>83</Hsp_query-to>
      <Hsp_hit-from>214</Hsp_hit-from>
      <Hsp_hit-to>240</Hsp_hit-to>
      <Hsp_query-frame>-1</Hsp_query-frame>
      <Hsp_hit-frame>0</Hsp_hit-frame>
      <Hsp_identity>23</Hsp_identity>
      <Hsp_positive>25</Hsp_positive>
      <Hsp_gaps>0</Hsp_gaps>
      <Hsp_align-len>27</Hsp_align-len>
      <Hsp_qseq>LMMQLLIRNEKDGILVPIPQYPLYSAS</Hsp_qseq>
      <Hsp_hseq>MMMQLLIRSENDGILCPIPQYPLYSAS</Hsp_hseq>
      <Hsp_midline>+MMQLLIR+E DGIL PIPQYPLYSAS</Hsp_midline>
    </Hsp>
  </Hit_hsps>
</Hit>
<Hit>
  <Hit_num>42</Hit_num>
  <Hit_id>gi|449453397|ref|XP_004144444.1|</Hit_id>
  <Hit_def>PREDICTED: alanine aminotransferase 2, mitochondrial-like [Cucumis sativus]</Hit_def>
  <Hit_accession>XP_004144444</Hit_accession>
  <Hit_len>528</Hit_len>
  <Hit_hsps>
    <Hsp>
      <Hsp_num>1</Hsp_num>
      <Hsp_bit-score>51.2174</Hsp_bit-score>
      <Hsp_score>121</Hsp_score>
      <Hsp_evalue>2.14024e-06</Hsp_evalue>
      <Hsp_query-from>3</Hsp_query-from>
      <Hsp_query-to>83</Hsp_query-to>
      <Hsp_hit-from>200</Hsp_hit-from>
      <Hsp_hit-to>226</Hsp_hit-to>
      <Hsp_query-frame>-1</Hsp_query-frame>
      <Hsp_hit-frame>0</Hsp_hit-frame>
      <Hsp_identity>23</Hsp_identity>
      <Hsp_positive>25</Hsp_positive>
      <Hsp_gaps>0</Hsp_gaps>
      <Hsp_align-len>27</Hsp_align-len>
      <Hsp_qseq>LMMQLLIRNEKDGILVPIPQYPLYSAS</Hsp_qseq>
      <Hsp_hseq>MMMQLLIRSEGDGILCPIPQYPLYSAS</Hsp_hseq>
      <Hsp_midline>+MMQLLIR+E DGIL PIPQYPLYSAS</Hsp_midline>
    </Hsp>
  </Hit_hsps>
</Hit>
<Hit>
  <Hit_num>43</Hit_num>
  <Hit_id>gi|449519802|ref|XP_004166923.1|</Hit_id>
  <Hit_def>PREDICTED: alanine aminotransferase 2, mitochondrial-like, partial [Cucumis sativus]</Hit_def>
  <Hit_accession>XP_004166923</Hit_accession>
  <Hit_len>493</Hit_len>
  <Hit_hsps>
    <Hsp>
      <Hsp_num>1</Hsp_num>
      <Hsp_bit-score>51.2174</Hsp_bit-score>
      <Hsp_score>121</Hsp_score>
      <Hsp_evalue>2.25352e-06</Hsp_evalue>
      <Hsp_query-from>3</Hsp_query-from>
      <Hsp_query-to>83</Hsp_query-to>
      <Hsp_hit-from>165</Hsp_hit-from>
      <Hsp_hit-to>191</Hsp_hit-to>
      <Hsp_query-frame>-1</Hsp_query-frame>
      <Hsp_hit-frame>0</Hsp_hit-frame>
      <Hsp_identity>23</Hsp_identity>
      <Hsp_positive>25</Hsp_positive>
      <Hsp_gaps>0</Hsp_gaps>
      <Hsp_align-len>27</Hsp_align-len>
      <Hsp_qseq>LMMQLLIRNEKDGILVPIPQYPLYSAS</Hsp_qseq>
      <Hsp_hseq>MMMQLLIRSEGDGILCPIPQYPLYSAS</Hsp_hseq>
      <Hsp_midline>+MMQLLIR+E DGIL PIPQYPLYSAS</Hsp_midline>
    </Hsp>
  </Hit_hsps>
</Hit>
<Hit>
  <Hit_num>44</Hit_num>
  <Hit_id>gi|302769650|ref|XP_002968244.1|</Hit_id>
  <Hit_def>hypothetical protein SELMODRAFT_145611 [Selaginella moellendorffii] &gt;gi|302788734|ref|XP_002976136.1| hypothetical protein SELMODRAFT_267931 [Selaginella moellendorffii] &gt;gi|300156412|gb|EFJ23041.1| hypothetical protein SELMODRAFT_267931 [Selaginella moellendorffii] &gt;gi|300163888|gb|EFJ30498.1| hypothetical protein SELMODRAFT_145611 [Selaginella moellendorffii]</Hit_def>
  <Hit_accession>XP_002968244</Hit_accession>
  <Hit_len>481</Hit_len>
  <Hit_hsps>
    <Hsp>
      <Hsp_num>1</Hsp_num>
      <Hsp_bit-score>50.8322</Hsp_bit-score>
      <Hsp_score>120</Hsp_score>
      <Hsp_evalue>2.63663e-06</Hsp_evalue>
      <Hsp_query-from>3</Hsp_query-from>
      <Hsp_query-to>83</Hsp_query-to>
      <Hsp_hit-from>145</Hsp_hit-from>
      <Hsp_hit-to>171</Hsp_hit-to>
      <Hsp_query-frame>-1</Hsp_query-frame>
      <Hsp_hit-frame>0</Hsp_hit-frame>
      <Hsp_identity>22</Hsp_identity>
      <Hsp_positive>25</Hsp_positive>
      <Hsp_gaps>0</Hsp_gaps>
      <Hsp_align-len>27</Hsp_align-len>
      <Hsp_qseq>LMMQLLIRNEKDGILVPIPQYPLYSAS</Hsp_qseq>
      <Hsp_hseq>MMLNALIRNEKDGVLVPIPQYPLYSAS</Hsp_hseq>
      <Hsp_midline>+M+  LIRNEKDG+LVPIPQYPLYSAS</Hsp_midline>
    </Hsp>
  </Hit_hsps>
</Hit>
<Hit>
  <Hit_num>45</Hit_num>
  <Hit_id>gi|242050886|ref|XP_002463187.1|</Hit_id>
  <Hit_def>hypothetical protein SORBIDRAFT_02g039340 [Sorghum bicolor] &gt;gi|241926564|gb|EER99708.1| hypothetical protein SORBIDRAFT_02g039340 [Sorghum bicolor]</Hit_def>
  <Hit_accession>XP_002463187</Hit_accession>
  <Hit_len>541</Hit_len>
  <Hit_hsps>
    <Hsp>
      <Hsp_num>1</Hsp_num>
      <Hsp_bit-score>50.8322</Hsp_bit-score>
      <Hsp_score>120</Hsp_score>
      <Hsp_evalue>2.71267e-06</Hsp_evalue>
      <Hsp_query-from>3</Hsp_query-from>
      <Hsp_query-to>83</Hsp_query-to>
      <Hsp_hit-from>213</Hsp_hit-from>
      <Hsp_hit-to>239</Hsp_hit-to>
      <Hsp_query-frame>-1</Hsp_query-frame>
      <Hsp_hit-frame>0</Hsp_hit-frame>
      <Hsp_identity>23</Hsp_identity>
      <Hsp_positive>25</Hsp_positive>
      <Hsp_gaps>0</Hsp_gaps>
      <Hsp_align-len>27</Hsp_align-len>
      <Hsp_qseq>LMMQLLIRNEKDGILVPIPQYPLYSAS</Hsp_qseq>
      <Hsp_hseq>MMMQLLISSEKDGILCPIPQYPLYSAS</Hsp_hseq>
      <Hsp_midline>+MMQLLI +EKDGIL PIPQYPLYSAS</Hsp_midline>
    </Hsp>
  </Hit_hsps>
</Hit>
<Hit>
  <Hit_num>46</Hit_num>
  <Hit_id>gi|168000797|ref|XP_001753102.1|</Hit_id>
  <Hit_def>predicted protein [Physcomitrella patens] &gt;gi|162695801|gb|EDQ82143.1| predicted protein [Physcomitrella patens]</Hit_def>
  <Hit_accession>XP_001753102</Hit_accession>
  <Hit_len>461</Hit_len>
  <Hit_hsps>
    <Hsp>
      <Hsp_num>1</Hsp_num>
      <Hsp_bit-score>50.8322</Hsp_bit-score>
      <Hsp_score>120</Hsp_score>
      <Hsp_evalue>2.76078e-06</Hsp_evalue>
      <Hsp_query-from>3</Hsp_query-from>
      <Hsp_query-to>83</Hsp_query-to>
      <Hsp_hit-from>145</Hsp_hit-from>
      <Hsp_hit-to>171</Hsp_hit-to>
      <Hsp_query-frame>-1</Hsp_query-frame>
      <Hsp_hit-frame>0</Hsp_hit-frame>
      <Hsp_identity>23</Hsp_identity>
      <Hsp_positive>25</Hsp_positive>
      <Hsp_gaps>0</Hsp_gaps>
      <Hsp_align-len>27</Hsp_align-len>
      <Hsp_qseq>LMMQLLIRNEKDGILVPIPQYPLYSAS</Hsp_qseq>
      <Hsp_hseq>MMMQLLITSEKDGILCPIPQYPLYSAS</Hsp_hseq>
      <Hsp_midline>+MMQLLI +EKDGIL PIPQYPLYSAS</Hsp_midline>
    </Hsp>
  </Hit_hsps>
</Hit>
<Hit>
  <Hit_num>47</Hit_num>
  <Hit_id>gi|449447958|ref|XP_004141733.1|</Hit_id>
  <Hit_def>PREDICTED: alanine aminotransferase 2, mitochondrial-like [Cucumis sativus]</Hit_def>
  <Hit_accession>XP_004141733</Hit_accession>
  <Hit_len>488</Hit_len>
  <Hit_hsps>
    <Hsp>
      <Hsp_num>1</Hsp_num>
      <Hsp_bit-score>50.8322</Hsp_bit-score>
      <Hsp_score>120</Hsp_score>
      <Hsp_evalue>2.82325e-06</Hsp_evalue>
      <Hsp_query-from>3</Hsp_query-from>
      <Hsp_query-to>83</Hsp_query-to>
      <Hsp_hit-from>160</Hsp_hit-from>
      <Hsp_hit-to>186</Hsp_hit-to>
      <Hsp_query-frame>-1</Hsp_query-frame>
      <Hsp_hit-frame>0</Hsp_hit-frame>
      <Hsp_identity>23</Hsp_identity>
      <Hsp_positive>25</Hsp_positive>
      <Hsp_gaps>0</Hsp_gaps>
      <Hsp_align-len>27</Hsp_align-len>
      <Hsp_qseq>LMMQLLIRNEKDGILVPIPQYPLYSAS</Hsp_qseq>
      <Hsp_hseq>MMMQLLISSEKDGILCPIPQYPLYSAS</Hsp_hseq>
      <Hsp_midline>+MMQLLI +EKDGIL PIPQYPLYSAS</Hsp_midline>
    </Hsp>
  </Hit_hsps>
</Hit>
<Hit>
  <Hit_num>48</Hit_num>
  <Hit_id>gi|449480442|ref|XP_004155894.1|</Hit_id>
  <Hit_def>PREDICTED: alanine aminotransferase 2, mitochondrial-like [Cucumis sativus]</Hit_def>
  <Hit_accession>XP_004155894</Hit_accession>
  <Hit_len>488</Hit_len>
  <Hit_hsps>
    <Hsp>
      <Hsp_num>1</Hsp_num>
      <Hsp_bit-score>50.8322</Hsp_bit-score>
      <Hsp_score>120</Hsp_score>
      <Hsp_evalue>2.85073e-06</Hsp_evalue>
      <Hsp_query-from>3</Hsp_query-from>
      <Hsp_query-to>83</Hsp_query-to>
      <Hsp_hit-from>160</Hsp_hit-from>
      <Hsp_hit-to>186</Hsp_hit-to>
      <Hsp_query-frame>-1</Hsp_query-frame>
      <Hsp_hit-frame>0</Hsp_hit-frame>
      <Hsp_identity>23</Hsp_identity>
      <Hsp_positive>25</Hsp_positive>
      <Hsp_gaps>0</Hsp_gaps>
      <Hsp_align-len>27</Hsp_align-len>
      <Hsp_qseq>LMMQLLIRNEKDGILVPIPQYPLYSAS</Hsp_qseq>
      <Hsp_hseq>MMMQLLISSEKDGILCPIPQYPLYSAS</Hsp_hseq>
      <Hsp_midline>+MMQLLI +EKDGIL PIPQYPLYSAS</Hsp_midline>
    </Hsp>
  </Hit_hsps>
</Hit>
<Hit>
  <Hit_num>49</Hit_num>
  <Hit_id>gi|565499098|ref|XP_006307188.1|</Hit_id>
  <Hit_def>hypothetical protein CARUB_v10008780mg [Capsella rubella] &gt;gi|482575899|gb|EOA40086.1| hypothetical protein CARUB_v10008780mg [Capsella rubella]</Hit_def>
  <Hit_accession>XP_006307188</Hit_accession>
  <Hit_len>544</Hit_len>
  <Hit_hsps>
    <Hsp>
      <Hsp_num>1</Hsp_num>
      <Hsp_bit-score>50.8322</Hsp_bit-score>
      <Hsp_score>120</Hsp_score>
      <Hsp_evalue>2.9686e-06</Hsp_evalue>
      <Hsp_query-from>3</Hsp_query-from>
      <Hsp_query-to>83</Hsp_query-to>
      <Hsp_hit-from>216</Hsp_hit-from>
      <Hsp_hit-to>242</Hsp_hit-to>
      <Hsp_query-frame>-1</Hsp_query-frame>
      <Hsp_hit-frame>0</Hsp_hit-frame>
      <Hsp_identity>23</Hsp_identity>
      <Hsp_positive>25</Hsp_positive>
      <Hsp_gaps>0</Hsp_gaps>
      <Hsp_align-len>27</Hsp_align-len>
      <Hsp_qseq>LMMQLLIRNEKDGILVPIPQYPLYSAS</Hsp_qseq>
      <Hsp_hseq>MMMQLLISSEKDGILCPIPQYPLYSAS</Hsp_hseq>
      <Hsp_midline>+MMQLLI +EKDGIL PIPQYPLYSAS</Hsp_midline>
    </Hsp>
  </Hit_hsps>
</Hit>
<Hit>
  <Hit_num>50</Hit_num>
  <Hit_id>gi|8778976|gb|AAF79891.1|AC026479_3</Hit_id>
  <Hit_def>Strong similarity to alanine aminotransferase from Zea mays gb|AF055898. It contains an aminotransferases class-I domain PF|00155. ESTs gb|AV546814, gb|AV519234, gb|AV536176, gb|AV537339, gb|AV544878, gb|AV532954, gb|AV553416, gb|AV519356, gb|AV537898, gb|AI999107, gb|AV545731, gb|AI995660, gb|AV550634, gb|AV536556, gb|AV531066, gb|T45832, gb|AV549979, gb|T04047, gb|AV549129, gb|T88429 and gb|AI993829 come from this gene. This gene is cut off [Arabidopsis thaliana]</Hit_def>
  <Hit_accession>AAF79891</Hit_accession>
  <Hit_len>469</Hit_len>
  <Hit_hsps>
    <Hsp>
      <Hsp_num>1</Hsp_num>
      <Hsp_bit-score>50.8322</Hsp_bit-score>
      <Hsp_score>120</Hsp_score>
      <Hsp_evalue>2.99361e-06</Hsp_evalue>
      <Hsp_query-from>3</Hsp_query-from>
      <Hsp_query-to>83</Hsp_query-to>
      <Hsp_hit-from>141</Hsp_hit-from>
      <Hsp_hit-to>167</Hsp_hit-to>
      <Hsp_query-frame>-1</Hsp_query-frame>
      <Hsp_hit-frame>0</Hsp_hit-frame>
      <Hsp_identity>23</Hsp_identity>
      <Hsp_positive>25</Hsp_positive>
      <Hsp_gaps>0</Hsp_gaps>
      <Hsp_align-len>27</Hsp_align-len>
      <Hsp_qseq>LMMQLLIRNEKDGILVPIPQYPLYSAS</Hsp_qseq>
      <Hsp_hseq>MMMQLLITSEKDGILCPIPQYPLYSAS</Hsp_hseq>
      <Hsp_midline>+MMQLLI +EKDGIL PIPQYPLYSAS</Hsp_midline>
    </Hsp>
  </Hit_hsps>
</Hit>
</Iteration_hits>
  <Iteration_stat>
    <Statistics>
      <Statistics_db-num>35203249</Statistics_db-num>
      <Statistics_db-len>12388037842</Statistics_db-len>
      <Statistics_hsp-len>0</Statistics_hsp-len>
      <Statistics_eff-space>0</Statistics_eff-space>
      <Statistics_kappa>0.041</Statistics_kappa>
      <Statistics_lambda>0.267</Statistics_lambda>
      <Statistics_entropy>0.14</Statistics_entropy>
    </Statistics>
  </Iteration_stat>
</Iteration>
</BlastOutput_iterations>
</BlastOutput>

