<?xml version="1.0"?>
<!DOCTYPE BlastOutput PUBLIC "-//NCBI//NCBI BlastOutput/EN" "http://www.ncbi.nlm.nih.gov/dtd/NCBI_BlastOutput.dtd">
<BlastOutput>
  <BlastOutput_program>blastx</BlastOutput_program>
  <BlastOutput_version>BLASTX 2.2.29+</BlastOutput_version>
  <BlastOutput_reference>Stephen F. Altschul, Thomas L. Madden, Alejandro A. Sch&amp;auml;ffer, Jinghui Zhang, Zheng Zhang, Webb Miller, and David J. Lipman (1997), &quot;Gapped BLAST and PSI-BLAST: a new generation of protein database search programs&quot;, Nucleic Acids Res. 25:3389-3402.</BlastOutput_reference>
  <BlastOutput_db>nr</BlastOutput_db>
  <BlastOutput_query-ID>24769</BlastOutput_query-ID>
  <BlastOutput_query-def>No definition line</BlastOutput_query-def>
  <BlastOutput_query-len>115</BlastOutput_query-len>
  <BlastOutput_param>
    <Parameters>
      <Parameters_matrix>BLOSUM62</Parameters_matrix>
      <Parameters_expect>10</Parameters_expect>
      <Parameters_gap-open>11</Parameters_gap-open>
      <Parameters_gap-extend>1</Parameters_gap-extend>
      <Parameters_filter>F</Parameters_filter>
    </Parameters>
  </BlastOutput_param>
<BlastOutput_iterations>
<Iteration>
  <Iteration_iter-num>1</Iteration_iter-num>
  <Iteration_query-ID>24769</Iteration_query-ID>
  <Iteration_query-def>No definition line</Iteration_query-def>
  <Iteration_query-len>115</Iteration_query-len>
<Iteration_hits>
<Hit>
  <Hit_num>1</Hit_num>
  <Hit_id>gi|554851798|ref|XP_005936142.1|</Hit_id>
  <Hit_def>PREDICTED: ephrin-A3-like isoform X2 [Haplochromis burtoni]</Hit_def>
  <Hit_accession>XP_005936142</Hit_accession>
  <Hit_len>189</Hit_len>
  <Hit_hsps>
    <Hsp>
      <Hsp_num>1</Hsp_num>
      <Hsp_bit-score>31.9574</Hsp_bit-score>
      <Hsp_score>71</Hsp_score>
      <Hsp_evalue>7.26778</Hsp_evalue>
      <Hsp_query-from>40</Hsp_query-from>
      <Hsp_query-to>99</Hsp_query-to>
      <Hsp_hit-from>101</Hsp_hit-from>
      <Hsp_hit-to>120</Hsp_hit-to>
      <Hsp_query-frame>1</Hsp_query-frame>
      <Hsp_hit-frame>0</Hsp_hit-frame>
      <Hsp_identity>13</Hsp_identity>
      <Hsp_positive>15</Hsp_positive>
      <Hsp_gaps>0</Hsp_gaps>
      <Hsp_align-len>20</Hsp_align-len>
      <Hsp_qseq>YITLPTCMHGRACVELNVYV</Hsp_qseq>
      <Hsp_hseq>YISTPTHHHGRACLRLRVYV</Hsp_hseq>
      <Hsp_midline>YI+ PT  HGRAC+ L VYV</Hsp_midline>
    </Hsp>
  </Hit_hsps>
</Hit>
<Hit>
  <Hit_num>2</Hit_num>
  <Hit_id>gi|498937141|ref|XP_004541329.1|</Hit_id>
  <Hit_def>PREDICTED: ephrin-A3-like isoform X1 [Maylandia zebra] &gt;gi|498937145|ref|XP_004541330.1| PREDICTED: ephrin-A3-like isoform X2 [Maylandia zebra]</Hit_def>
  <Hit_accession>XP_004541329</Hit_accession>
  <Hit_len>221</Hit_len>
  <Hit_hsps>
    <Hsp>
      <Hsp_num>1</Hsp_num>
      <Hsp_bit-score>31.9574</Hsp_bit-score>
      <Hsp_score>71</Hsp_score>
      <Hsp_evalue>7.91791</Hsp_evalue>
      <Hsp_query-from>40</Hsp_query-from>
      <Hsp_query-to>99</Hsp_query-to>
      <Hsp_hit-from>133</Hsp_hit-from>
      <Hsp_hit-to>152</Hsp_hit-to>
      <Hsp_query-frame>1</Hsp_query-frame>
      <Hsp_hit-frame>0</Hsp_hit-frame>
      <Hsp_identity>13</Hsp_identity>
      <Hsp_positive>15</Hsp_positive>
      <Hsp_gaps>0</Hsp_gaps>
      <Hsp_align-len>20</Hsp_align-len>
      <Hsp_qseq>YITLPTCMHGRACVELNVYV</Hsp_qseq>
      <Hsp_hseq>YISTPTHHHGRACLRLRVYV</Hsp_hseq>
      <Hsp_midline>YI+ PT  HGRAC+ L VYV</Hsp_midline>
    </Hsp>
  </Hit_hsps>
</Hit>
<Hit>
  <Hit_num>3</Hit_num>
  <Hit_id>gi|542195954|ref|XP_005472717.1|</Hit_id>
  <Hit_def>PREDICTED: ephrin-A3-like isoform X3 [Oreochromis niloticus]</Hit_def>
  <Hit_accession>XP_005472717</Hit_accession>
  <Hit_len>177</Hit_len>
  <Hit_hsps>
    <Hsp>
      <Hsp_num>1</Hsp_num>
      <Hsp_bit-score>31.5722</Hsp_bit-score>
      <Hsp_score>70</Hsp_score>
      <Hsp_evalue>8.32749</Hsp_evalue>
      <Hsp_query-from>40</Hsp_query-from>
      <Hsp_query-to>99</Hsp_query-to>
      <Hsp_hit-from>89</Hsp_hit-from>
      <Hsp_hit-to>108</Hsp_hit-to>
      <Hsp_query-frame>1</Hsp_query-frame>
      <Hsp_hit-frame>0</Hsp_hit-frame>
      <Hsp_identity>13</Hsp_identity>
      <Hsp_positive>15</Hsp_positive>
      <Hsp_gaps>0</Hsp_gaps>
      <Hsp_align-len>20</Hsp_align-len>
      <Hsp_qseq>YITLPTCMHGRACVELNVYV</Hsp_qseq>
      <Hsp_hseq>YISTPTHHHGRACLRLRVYV</Hsp_hseq>
      <Hsp_midline>YI+ PT  HGRAC+ L VYV</Hsp_midline>
    </Hsp>
  </Hit_hsps>
</Hit>
<Hit>
  <Hit_num>4</Hit_num>
  <Hit_id>gi|542195950|ref|XP_005472715.1|</Hit_id>
  <Hit_def>PREDICTED: ephrin-A3-like isoform X1 [Oreochromis niloticus] &gt;gi|542195952|ref|XP_005472716.1| PREDICTED: ephrin-A3-like isoform X2 [Oreochromis niloticus]</Hit_def>
  <Hit_accession>XP_005472715</Hit_accession>
  <Hit_len>221</Hit_len>
  <Hit_hsps>
    <Hsp>
      <Hsp_num>1</Hsp_num>
      <Hsp_bit-score>31.9574</Hsp_bit-score>
      <Hsp_score>71</Hsp_score>
      <Hsp_evalue>8.46569</Hsp_evalue>
      <Hsp_query-from>40</Hsp_query-from>
      <Hsp_query-to>99</Hsp_query-to>
      <Hsp_hit-from>133</Hsp_hit-from>
      <Hsp_hit-to>152</Hsp_hit-to>
      <Hsp_query-frame>1</Hsp_query-frame>
      <Hsp_hit-frame>0</Hsp_hit-frame>
      <Hsp_identity>13</Hsp_identity>
      <Hsp_positive>15</Hsp_positive>
      <Hsp_gaps>0</Hsp_gaps>
      <Hsp_align-len>20</Hsp_align-len>
      <Hsp_qseq>YITLPTCMHGRACVELNVYV</Hsp_qseq>
      <Hsp_hseq>YISTPTHHHGRACLRLRVYV</Hsp_hseq>
      <Hsp_midline>YI+ PT  HGRAC+ L VYV</Hsp_midline>
    </Hsp>
  </Hit_hsps>
</Hit>
<Hit>
  <Hit_num>5</Hit_num>
  <Hit_id>gi|548367696|ref|XP_005732161.1|</Hit_id>
  <Hit_def>PREDICTED: ephrin-A3-like [Pundamilia nyererei] &gt;gi|554851796|ref|XP_005936141.1| PREDICTED: ephrin-A3-like isoform X1 [Haplochromis burtoni]</Hit_def>
  <Hit_accession>XP_005732161</Hit_accession>
  <Hit_len>221</Hit_len>
  <Hit_hsps>
    <Hsp>
      <Hsp_num>1</Hsp_num>
      <Hsp_bit-score>31.9574</Hsp_bit-score>
      <Hsp_score>71</Hsp_score>
      <Hsp_evalue>8.629</Hsp_evalue>
      <Hsp_query-from>40</Hsp_query-from>
      <Hsp_query-to>99</Hsp_query-to>
      <Hsp_hit-from>133</Hsp_hit-from>
      <Hsp_hit-to>152</Hsp_hit-to>
      <Hsp_query-frame>1</Hsp_query-frame>
      <Hsp_hit-frame>0</Hsp_hit-frame>
      <Hsp_identity>13</Hsp_identity>
      <Hsp_positive>15</Hsp_positive>
      <Hsp_gaps>0</Hsp_gaps>
      <Hsp_align-len>20</Hsp_align-len>
      <Hsp_qseq>YITLPTCMHGRACVELNVYV</Hsp_qseq>
      <Hsp_hseq>YISTPTHHHGRACLRLRVYV</Hsp_hseq>
      <Hsp_midline>YI+ PT  HGRAC+ L VYV</Hsp_midline>
    </Hsp>
  </Hit_hsps>
</Hit>
</Iteration_hits>
  <Iteration_stat>
    <Statistics>
      <Statistics_db-num>35200748</Statistics_db-num>
      <Statistics_db-len>12388037842</Statistics_db-len>
      <Statistics_hsp-len>0</Statistics_hsp-len>
      <Statistics_eff-space>0</Statistics_eff-space>
      <Statistics_kappa>0.041</Statistics_kappa>
      <Statistics_lambda>0.267</Statistics_lambda>
      <Statistics_entropy>0.14</Statistics_entropy>
    </Statistics>
  </Iteration_stat>
</Iteration>
</BlastOutput_iterations>
</BlastOutput>

