<?xml version="1.0"?>
<!DOCTYPE BlastOutput PUBLIC "-//NCBI//NCBI BlastOutput/EN" "http://www.ncbi.nlm.nih.gov/dtd/NCBI_BlastOutput.dtd">
<BlastOutput>
  <BlastOutput_program>blastn</BlastOutput_program>
  <BlastOutput_version>BLASTN 2.2.28+</BlastOutput_version>
  <BlastOutput_reference>Stephen F. Altschul, Thomas L. Madden, Alejandro A. Sch&amp;auml;ffer, Jinghui Zhang, Zheng Zhang, Webb Miller, and David J. Lipman (1997), &quot;Gapped BLAST and PSI-BLAST: a new generation of protein database search programs&quot;, Nucleic Acids Res. 25:3389-3402.</BlastOutput_reference>
  <BlastOutput_db>nr</BlastOutput_db>
  <BlastOutput_query-ID>16477</BlastOutput_query-ID>
  <BlastOutput_query-def>No definition line</BlastOutput_query-def>
  <BlastOutput_query-len>69</BlastOutput_query-len>
  <BlastOutput_param>
    <Parameters>
      <Parameters_expect>10</Parameters_expect>
      <Parameters_sc-match>2</Parameters_sc-match>
      <Parameters_sc-mismatch>-3</Parameters_sc-mismatch>
      <Parameters_gap-open>5</Parameters_gap-open>
      <Parameters_gap-extend>2</Parameters_gap-extend>
      <Parameters_filter>L;m;</Parameters_filter>
    </Parameters>
  </BlastOutput_param>
<BlastOutput_iterations>
<Iteration>
  <Iteration_iter-num>1</Iteration_iter-num>
  <Iteration_query-ID>16477</Iteration_query-ID>
  <Iteration_query-def>No definition line</Iteration_query-def>
  <Iteration_query-len>69</Iteration_query-len>
<Iteration_hits>
<Hit>
  <Hit_num>1</Hit_num>
  <Hit_id>gi|360043576|emb|HE601631.1|</Hit_id>
  <Hit_def>Schistosoma mansoni strain Puerto Rico chromosome W, complete genome</Hit_def>
  <Hit_accession>HE601631</Hit_accession>
  <Hit_len>59508269</Hit_len>
  <Hit_hsps>
    <Hsp>
      <Hsp_num>1</Hsp_num>
      <Hsp_bit-score>40.9604</Hsp_bit-score>
      <Hsp_score>44</Hsp_score>
      <Hsp_evalue>0.861883</Hsp_evalue>
      <Hsp_query-from>42</Hsp_query-from>
      <Hsp_query-to>68</Hsp_query-to>
      <Hsp_hit-from>21567150</Hsp_hit-from>
      <Hsp_hit-to>21567176</Hsp_hit-to>
      <Hsp_query-frame>1</Hsp_query-frame>
      <Hsp_hit-frame>1</Hsp_hit-frame>
      <Hsp_identity>25</Hsp_identity>
      <Hsp_positive>25</Hsp_positive>
      <Hsp_gaps>0</Hsp_gaps>
      <Hsp_align-len>27</Hsp_align-len>
      <Hsp_qseq>ATGCATGTGTGGATGAATGGATCTTGA</Hsp_qseq>
      <Hsp_hseq>ATGTATGTGTGGATGTATGGATCTTGA</Hsp_hseq>
      <Hsp_midline>||| ||||||||||| |||||||||||</Hsp_midline>
    </Hsp>
  </Hit_hsps>
</Hit>
<Hit>
  <Hit_num>2</Hit_num>
  <Hit_id>gi|32488862|emb|AL606690.3|</Hit_id>
  <Hit_def>Oryza sativa genomic DNA, chromosome 4, BAC clone: OSJNBa0060D06, complete sequence</Hit_def>
  <Hit_accession>AL606690</Hit_accession>
  <Hit_len>151506</Hit_len>
  <Hit_hsps>
    <Hsp>
      <Hsp_num>1</Hsp_num>
      <Hsp_bit-score>39.157</Hsp_bit-score>
      <Hsp_score>42</Hsp_score>
      <Hsp_evalue>3.00827</Hsp_evalue>
      <Hsp_query-from>34</Hsp_query-from>
      <Hsp_query-to>64</Hsp_query-to>
      <Hsp_hit-from>25605</Hsp_hit-from>
      <Hsp_hit-to>25635</Hsp_hit-to>
      <Hsp_query-frame>1</Hsp_query-frame>
      <Hsp_hit-frame>1</Hsp_hit-frame>
      <Hsp_identity>27</Hsp_identity>
      <Hsp_positive>27</Hsp_positive>
      <Hsp_gaps>0</Hsp_gaps>
      <Hsp_align-len>31</Hsp_align-len>
      <Hsp_qseq>AGCTAGCCATGCATGTGTGGATGAATGGATC</Hsp_qseq>
      <Hsp_hseq>AGCTAGCCATGGATGGATGGATGGATGGATC</Hsp_hseq>
      <Hsp_midline>||||||||||| |||  |||||| |||||||</Hsp_midline>
    </Hsp>
  </Hit_hsps>
</Hit>
<Hit>
  <Hit_num>3</Hit_num>
  <Hit_id>gi|32488909|emb|AL606692.3|</Hit_id>
  <Hit_def>Oryza sativa genomic DNA, chromosome 4, BAC clone: OSJNBb0059K02, complete sequence</Hit_def>
  <Hit_accession>AL606692</Hit_accession>
  <Hit_len>165745</Hit_len>
  <Hit_hsps>
    <Hsp>
      <Hsp_num>1</Hsp_num>
      <Hsp_bit-score>39.157</Hsp_bit-score>
      <Hsp_score>42</Hsp_score>
      <Hsp_evalue>3.00827</Hsp_evalue>
      <Hsp_query-from>34</Hsp_query-from>
      <Hsp_query-to>64</Hsp_query-to>
      <Hsp_hit-from>135993</Hsp_hit-from>
      <Hsp_hit-to>136023</Hsp_hit-to>
      <Hsp_query-frame>1</Hsp_query-frame>
      <Hsp_hit-frame>1</Hsp_hit-frame>
      <Hsp_identity>27</Hsp_identity>
      <Hsp_positive>27</Hsp_positive>
      <Hsp_gaps>0</Hsp_gaps>
      <Hsp_align-len>31</Hsp_align-len>
      <Hsp_qseq>AGCTAGCCATGCATGTGTGGATGAATGGATC</Hsp_qseq>
      <Hsp_hseq>AGCTAGCCATGGATGGATGGATGGATGGATC</Hsp_hseq>
      <Hsp_midline>||||||||||| |||  |||||| |||||||</Hsp_midline>
    </Hsp>
  </Hit_hsps>
</Hit>
</Iteration_hits>
  <Iteration_stat>
    <Statistics>
      <Statistics_db-num>20592858</Statistics_db-num>
      <Statistics_db-len>362413129</Statistics_db-len>
      <Statistics_hsp-len>0</Statistics_hsp-len>
      <Statistics_eff-space>0</Statistics_eff-space>
      <Statistics_kappa>0.41</Statistics_kappa>
      <Statistics_lambda>0.625</Statistics_lambda>
      <Statistics_entropy>0.78</Statistics_entropy>
    </Statistics>
  </Iteration_stat>
</Iteration>
</BlastOutput_iterations>
</BlastOutput>

