<?xml version="1.0"?>
<!DOCTYPE BlastOutput PUBLIC "-//NCBI//NCBI BlastOutput/EN" "http://www.ncbi.nlm.nih.gov/dtd/NCBI_BlastOutput.dtd">
<BlastOutput>
  <BlastOutput_program>blastn</BlastOutput_program>
  <BlastOutput_version>BLASTN 2.2.28+</BlastOutput_version>
  <BlastOutput_reference>Stephen F. Altschul, Thomas L. Madden, Alejandro A. Sch&amp;auml;ffer, Jinghui Zhang, Zheng Zhang, Webb Miller, and David J. Lipman (1997), &quot;Gapped BLAST and PSI-BLAST: a new generation of protein database search programs&quot;, Nucleic Acids Res. 25:3389-3402.</BlastOutput_reference>
  <BlastOutput_db>nr</BlastOutput_db>
  <BlastOutput_query-ID>31601</BlastOutput_query-ID>
  <BlastOutput_query-def>No definition line</BlastOutput_query-def>
  <BlastOutput_query-len>76</BlastOutput_query-len>
  <BlastOutput_param>
    <Parameters>
      <Parameters_expect>10</Parameters_expect>
      <Parameters_sc-match>2</Parameters_sc-match>
      <Parameters_sc-mismatch>-3</Parameters_sc-mismatch>
      <Parameters_gap-open>5</Parameters_gap-open>
      <Parameters_gap-extend>2</Parameters_gap-extend>
      <Parameters_filter>L;m;</Parameters_filter>
    </Parameters>
  </BlastOutput_param>
<BlastOutput_iterations>
<Iteration>
  <Iteration_iter-num>1</Iteration_iter-num>
  <Iteration_query-ID>31601</Iteration_query-ID>
  <Iteration_query-def>No definition line</Iteration_query-def>
  <Iteration_query-len>76</Iteration_query-len>
<Iteration_hits>
<Hit>
  <Hit_num>1</Hit_num>
  <Hit_id>gi|432853584|ref|XM_004067732.1|</Hit_id>
  <Hit_def>PREDICTED: Oryzias latipes vitellogenin-1-like (LOC101159180), mRNA</Hit_def>
  <Hit_accession>XM_004067732</Hit_accession>
  <Hit_len>5111</Hit_len>
  <Hit_hsps>
    <Hsp>
      <Hsp_num>1</Hsp_num>
      <Hsp_bit-score>39.157</Hsp_bit-score>
      <Hsp_score>42</Hsp_score>
      <Hsp_evalue>3.59321</Hsp_evalue>
      <Hsp_query-from>30</Hsp_query-from>
      <Hsp_query-to>53</Hsp_query-to>
      <Hsp_hit-from>665</Hsp_hit-from>
      <Hsp_hit-to>642</Hsp_hit-to>
      <Hsp_query-frame>1</Hsp_query-frame>
      <Hsp_hit-frame>-1</Hsp_hit-frame>
      <Hsp_identity>23</Hsp_identity>
      <Hsp_positive>23</Hsp_positive>
      <Hsp_gaps>0</Hsp_gaps>
      <Hsp_align-len>24</Hsp_align-len>
      <Hsp_qseq>TATATGTATGATGTTGAACCTCTC</Hsp_qseq>
      <Hsp_hseq>TATCTGTATGATGTTGAACCTCTC</Hsp_hseq>
      <Hsp_midline>||| ||||||||||||||||||||</Hsp_midline>
    </Hsp>
  </Hit_hsps>
</Hit>
<Hit>
  <Hit_num>2</Hit_num>
  <Hit_id>gi|357518900|ref|XM_003629691.1|</Hit_id>
  <Hit_def>Medicago truncatula Mitogen activated protein kinase (MTR_8g086010) mRNA, complete cds</Hit_def>
  <Hit_accession>XM_003629691</Hit_accession>
  <Hit_len>1269</Hit_len>
  <Hit_hsps>
    <Hsp>
      <Hsp_num>1</Hsp_num>
      <Hsp_bit-score>39.157</Hsp_bit-score>
      <Hsp_score>42</Hsp_score>
      <Hsp_evalue>3.59321</Hsp_evalue>
      <Hsp_query-from>27</Hsp_query-from>
      <Hsp_query-to>47</Hsp_query-to>
      <Hsp_hit-from>1120</Hsp_hit-from>
      <Hsp_hit-to>1100</Hsp_hit-to>
      <Hsp_query-frame>1</Hsp_query-frame>
      <Hsp_hit-frame>-1</Hsp_hit-frame>
      <Hsp_identity>21</Hsp_identity>
      <Hsp_positive>21</Hsp_positive>
      <Hsp_gaps>0</Hsp_gaps>
      <Hsp_align-len>21</Hsp_align-len>
      <Hsp_qseq>CCATATATGTATGATGTTGAA</Hsp_qseq>
      <Hsp_hseq>CCATATATGTATGATGTTGAA</Hsp_hseq>
      <Hsp_midline>|||||||||||||||||||||</Hsp_midline>
    </Hsp>
  </Hit_hsps>
</Hit>
<Hit>
  <Hit_num>3</Hit_num>
  <Hit_id>gi|303313889|ref|XM_003066908.1|</Hit_id>
  <Hit_def>Coccidioides posadasii C735 delta SOWgp hypothetical protein, mRNA</Hit_def>
  <Hit_accession>XM_003066908</Hit_accession>
  <Hit_len>1434</Hit_len>
  <Hit_hsps>
    <Hsp>
      <Hsp_num>1</Hsp_num>
      <Hsp_bit-score>39.157</Hsp_bit-score>
      <Hsp_score>42</Hsp_score>
      <Hsp_evalue>3.59321</Hsp_evalue>
      <Hsp_query-from>49</Hsp_query-from>
      <Hsp_query-to>76</Hsp_query-to>
      <Hsp_hit-from>1290</Hsp_hit-from>
      <Hsp_hit-to>1316</Hsp_hit-to>
      <Hsp_query-frame>1</Hsp_query-frame>
      <Hsp_hit-frame>1</Hsp_hit-frame>
      <Hsp_identity>26</Hsp_identity>
      <Hsp_positive>26</Hsp_positive>
      <Hsp_gaps>1</Hsp_gaps>
      <Hsp_align-len>28</Hsp_align-len>
      <Hsp_qseq>CTCTCTGTGATTGTATCAGCAACAAATA</Hsp_qseq>
      <Hsp_hseq>CTCTTTG-GATTGTATCAGCAACAAATA</Hsp_hseq>
      <Hsp_midline>|||| || ||||||||||||||||||||</Hsp_midline>
    </Hsp>
  </Hit_hsps>
</Hit>
<Hit>
  <Hit_num>4</Hit_num>
  <Hit_id>gi|119185333|ref|XM_001243468.1|</Hit_id>
  <Hit_def>Coccidioides immitis RS hypothetical protein (CIMG_07365) partial mRNA</Hit_def>
  <Hit_accession>XM_001243468</Hit_accession>
  <Hit_len>903</Hit_len>
  <Hit_hsps>
    <Hsp>
      <Hsp_num>1</Hsp_num>
      <Hsp_bit-score>39.157</Hsp_bit-score>
      <Hsp_score>42</Hsp_score>
      <Hsp_evalue>3.59321</Hsp_evalue>
      <Hsp_query-from>49</Hsp_query-from>
      <Hsp_query-to>76</Hsp_query-to>
      <Hsp_hit-from>759</Hsp_hit-from>
      <Hsp_hit-to>785</Hsp_hit-to>
      <Hsp_query-frame>1</Hsp_query-frame>
      <Hsp_hit-frame>1</Hsp_hit-frame>
      <Hsp_identity>26</Hsp_identity>
      <Hsp_positive>26</Hsp_positive>
      <Hsp_gaps>1</Hsp_gaps>
      <Hsp_align-len>28</Hsp_align-len>
      <Hsp_qseq>CTCTCTGTGATTGTATCAGCAACAAATA</Hsp_qseq>
      <Hsp_hseq>CTCTTTG-GATTGTATCAGCAACAAATA</Hsp_hseq>
      <Hsp_midline>|||| || ||||||||||||||||||||</Hsp_midline>
    </Hsp>
  </Hit_hsps>
</Hit>
<Hit>
  <Hit_num>5</Hit_num>
  <Hit_id>gi|112181264|gb|AC152053.34|</Hit_id>
  <Hit_def>Medicago truncatula clone mth2-35e5, complete sequence</Hit_def>
  <Hit_accession>AC152053</Hit_accession>
  <Hit_len>101376</Hit_len>
  <Hit_hsps>
    <Hsp>
      <Hsp_num>1</Hsp_num>
      <Hsp_bit-score>39.157</Hsp_bit-score>
      <Hsp_score>42</Hsp_score>
      <Hsp_evalue>3.59321</Hsp_evalue>
      <Hsp_query-from>27</Hsp_query-from>
      <Hsp_query-to>47</Hsp_query-to>
      <Hsp_hit-from>76976</Hsp_hit-from>
      <Hsp_hit-to>76996</Hsp_hit-to>
      <Hsp_query-frame>1</Hsp_query-frame>
      <Hsp_hit-frame>1</Hsp_hit-frame>
      <Hsp_identity>21</Hsp_identity>
      <Hsp_positive>21</Hsp_positive>
      <Hsp_gaps>0</Hsp_gaps>
      <Hsp_align-len>21</Hsp_align-len>
      <Hsp_qseq>CCATATATGTATGATGTTGAA</Hsp_qseq>
      <Hsp_hseq>CCATATATGTATGATGTTGAA</Hsp_hseq>
      <Hsp_midline>|||||||||||||||||||||</Hsp_midline>
    </Hsp>
  </Hit_hsps>
</Hit>
<Hit>
  <Hit_num>6</Hit_num>
  <Hit_id>gi|95147396|gb|AC171267.17|</Hit_id>
  <Hit_def>Medicago truncatula clone mth2-17i7, complete sequence</Hit_def>
  <Hit_accession>AC171267</Hit_accession>
  <Hit_len>108819</Hit_len>
  <Hit_hsps>
    <Hsp>
      <Hsp_num>1</Hsp_num>
      <Hsp_bit-score>39.157</Hsp_bit-score>
      <Hsp_score>42</Hsp_score>
      <Hsp_evalue>3.59321</Hsp_evalue>
      <Hsp_query-from>27</Hsp_query-from>
      <Hsp_query-to>47</Hsp_query-to>
      <Hsp_hit-from>83273</Hsp_hit-from>
      <Hsp_hit-to>83253</Hsp_hit-to>
      <Hsp_query-frame>1</Hsp_query-frame>
      <Hsp_hit-frame>-1</Hsp_hit-frame>
      <Hsp_identity>21</Hsp_identity>
      <Hsp_positive>21</Hsp_positive>
      <Hsp_gaps>0</Hsp_gaps>
      <Hsp_align-len>21</Hsp_align-len>
      <Hsp_qseq>CCATATATGTATGATGTTGAA</Hsp_qseq>
      <Hsp_hseq>CCATATATGTATGATGTTGAA</Hsp_hseq>
      <Hsp_midline>|||||||||||||||||||||</Hsp_midline>
    </Hsp>
  </Hit_hsps>
</Hit>
<Hit>
  <Hit_num>7</Hit_num>
  <Hit_id>gi|6572408|emb|Z69907.2|</Hit_id>
  <Hit_def>Human DNA sequence from clone LL22NC03-22D1 on chromosome 22, complete sequence</Hit_def>
  <Hit_accession>Z69907</Hit_accession>
  <Hit_len>37813</Hit_len>
  <Hit_hsps>
    <Hsp>
      <Hsp_num>1</Hsp_num>
      <Hsp_bit-score>39.157</Hsp_bit-score>
      <Hsp_score>42</Hsp_score>
      <Hsp_evalue>3.59321</Hsp_evalue>
      <Hsp_query-from>34</Hsp_query-from>
      <Hsp_query-to>64</Hsp_query-to>
      <Hsp_hit-from>31680</Hsp_hit-from>
      <Hsp_hit-to>31710</Hsp_hit-to>
      <Hsp_query-frame>1</Hsp_query-frame>
      <Hsp_hit-frame>1</Hsp_hit-frame>
      <Hsp_identity>27</Hsp_identity>
      <Hsp_positive>27</Hsp_positive>
      <Hsp_gaps>0</Hsp_gaps>
      <Hsp_align-len>31</Hsp_align-len>
      <Hsp_qseq>TGTATGATGTTGAACCTCTCTGTGATTGTAT</Hsp_qseq>
      <Hsp_hseq>TGTATCATTTTGAACCTCTCTGTAAATGTAT</Hsp_hseq>
      <Hsp_midline>||||| || |||||||||||||| | |||||</Hsp_midline>
    </Hsp>
  </Hit_hsps>
</Hit>
<Hit>
  <Hit_num>8</Hit_num>
  <Hit_id>gi|49389007|dbj|AP005829.3|</Hit_id>
  <Hit_def>Oryza sativa Japonica Group genomic DNA, chromosome 9, BAC clone:B1008E06</Hit_def>
  <Hit_accession>AP005829</Hit_accession>
  <Hit_len>170228</Hit_len>
  <Hit_hsps>
    <Hsp>
      <Hsp_num>1</Hsp_num>
      <Hsp_bit-score>39.157</Hsp_bit-score>
      <Hsp_score>42</Hsp_score>
      <Hsp_evalue>3.59321</Hsp_evalue>
      <Hsp_query-from>8</Hsp_query-from>
      <Hsp_query-to>39</Hsp_query-to>
      <Hsp_hit-from>64843</Hsp_hit-from>
      <Hsp_hit-to>64811</Hsp_hit-to>
      <Hsp_query-frame>1</Hsp_query-frame>
      <Hsp_hit-frame>-1</Hsp_hit-frame>
      <Hsp_identity>29</Hsp_identity>
      <Hsp_positive>29</Hsp_positive>
      <Hsp_gaps>1</Hsp_gaps>
      <Hsp_align-len>33</Hsp_align-len>
      <Hsp_qseq>ATCGATCATGGGATTG-TAGCCATATATGTATG</Hsp_qseq>
      <Hsp_hseq>ATCGATCATGAGATTTCTGGCCATATATGTATG</Hsp_hseq>
      <Hsp_midline>|||||||||| ||||  | ||||||||||||||</Hsp_midline>
    </Hsp>
  </Hit_hsps>
</Hit>
<Hit>
  <Hit_num>9</Hit_num>
  <Hit_id>gi|46879008|emb|BX664716.19|</Hit_id>
  <Hit_def>Zebrafish DNA sequence from clone DKEY-3D4 in linkage group 9, complete sequence</Hit_def>
  <Hit_accession>BX664716</Hit_accession>
  <Hit_len>198430</Hit_len>
  <Hit_hsps>
    <Hsp>
      <Hsp_num>1</Hsp_num>
      <Hsp_bit-score>39.157</Hsp_bit-score>
      <Hsp_score>42</Hsp_score>
      <Hsp_evalue>3.59321</Hsp_evalue>
      <Hsp_query-from>22</Hsp_query-from>
      <Hsp_query-to>47</Hsp_query-to>
      <Hsp_hit-from>5358</Hsp_hit-from>
      <Hsp_hit-to>5333</Hsp_hit-to>
      <Hsp_query-frame>1</Hsp_query-frame>
      <Hsp_hit-frame>-1</Hsp_hit-frame>
      <Hsp_identity>24</Hsp_identity>
      <Hsp_positive>24</Hsp_positive>
      <Hsp_gaps>0</Hsp_gaps>
      <Hsp_align-len>26</Hsp_align-len>
      <Hsp_qseq>TGTAGCCATATATGTATGATGTTGAA</Hsp_qseq>
      <Hsp_hseq>TGTAACCATATATGTATGATGTTAAA</Hsp_hseq>
      <Hsp_midline>|||| |||||||||||||||||| ||</Hsp_midline>
    </Hsp>
  </Hit_hsps>
</Hit>
</Iteration_hits>
  <Iteration_stat>
    <Statistics>
      <Statistics_db-num>20592858</Statistics_db-num>
      <Statistics_db-len>362413129</Statistics_db-len>
      <Statistics_hsp-len>0</Statistics_hsp-len>
      <Statistics_eff-space>0</Statistics_eff-space>
      <Statistics_kappa>0.41</Statistics_kappa>
      <Statistics_lambda>0.625</Statistics_lambda>
      <Statistics_entropy>0.78</Statistics_entropy>
    </Statistics>
  </Iteration_stat>
</Iteration>
</BlastOutput_iterations>
</BlastOutput>

