<?xml version="1.0"?>
<!DOCTYPE BlastOutput PUBLIC "-//NCBI//NCBI BlastOutput/EN" "http://www.ncbi.nlm.nih.gov/dtd/NCBI_BlastOutput.dtd">
<BlastOutput>
  <BlastOutput_program>blastn</BlastOutput_program>
  <BlastOutput_version>BLASTN 2.2.28+</BlastOutput_version>
  <BlastOutput_reference>Stephen F. Altschul, Thomas L. Madden, Alejandro A. Sch&amp;auml;ffer, Jinghui Zhang, Zheng Zhang, Webb Miller, and David J. Lipman (1997), &quot;Gapped BLAST and PSI-BLAST: a new generation of protein database search programs&quot;, Nucleic Acids Res. 25:3389-3402.</BlastOutput_reference>
  <BlastOutput_db>nr</BlastOutput_db>
  <BlastOutput_query-ID>64245</BlastOutput_query-ID>
  <BlastOutput_query-def>No definition line</BlastOutput_query-def>
  <BlastOutput_query-len>67</BlastOutput_query-len>
  <BlastOutput_param>
    <Parameters>
      <Parameters_expect>10</Parameters_expect>
      <Parameters_sc-match>2</Parameters_sc-match>
      <Parameters_sc-mismatch>-3</Parameters_sc-mismatch>
      <Parameters_gap-open>5</Parameters_gap-open>
      <Parameters_gap-extend>2</Parameters_gap-extend>
      <Parameters_filter>L;m;</Parameters_filter>
    </Parameters>
  </BlastOutput_param>
<BlastOutput_iterations>
<Iteration>
  <Iteration_iter-num>1</Iteration_iter-num>
  <Iteration_query-ID>64245</Iteration_query-ID>
  <Iteration_query-def>No definition line</Iteration_query-def>
  <Iteration_query-len>67</Iteration_query-len>
<Iteration_hits>
<Hit>
  <Hit_num>1</Hit_num>
  <Hit_id>gi|544464255|ref|XM_005568345.1|</Hit_id>
  <Hit_def>PREDICTED: Macaca fascicularis BTB (POZ) domain containing 3 (BTBD3), transcript variant X3, mRNA</Hit_def>
  <Hit_accession>XM_005568345</Hit_accession>
  <Hit_len>6295</Hit_len>
  <Hit_hsps>
    <Hsp>
      <Hsp_num>1</Hsp_num>
      <Hsp_bit-score>39.157</Hsp_bit-score>
      <Hsp_score>42</Hsp_score>
      <Hsp_evalue>2.92588</Hsp_evalue>
      <Hsp_query-from>5</Hsp_query-from>
      <Hsp_query-to>30</Hsp_query-to>
      <Hsp_hit-from>5512</Hsp_hit-from>
      <Hsp_hit-to>5487</Hsp_hit-to>
      <Hsp_query-frame>1</Hsp_query-frame>
      <Hsp_hit-frame>-1</Hsp_hit-frame>
      <Hsp_identity>24</Hsp_identity>
      <Hsp_positive>24</Hsp_positive>
      <Hsp_gaps>0</Hsp_gaps>
      <Hsp_align-len>26</Hsp_align-len>
      <Hsp_qseq>CAGTGAGTGTTAGTGGATGAAAGCTC</Hsp_qseq>
      <Hsp_hseq>CAGTGAGTGTTAGTGAATGAACGCTC</Hsp_hseq>
      <Hsp_midline>||||||||||||||| ||||| ||||</Hsp_midline>
    </Hsp>
  </Hit_hsps>
</Hit>
<Hit>
  <Hit_num>2</Hit_num>
  <Hit_id>gi|544464253|ref|XM_005568344.1|</Hit_id>
  <Hit_def>PREDICTED: Macaca fascicularis BTB (POZ) domain containing 3 (BTBD3), transcript variant X2, mRNA</Hit_def>
  <Hit_accession>XM_005568344</Hit_accession>
  <Hit_len>5042</Hit_len>
  <Hit_hsps>
    <Hsp>
      <Hsp_num>1</Hsp_num>
      <Hsp_bit-score>39.157</Hsp_bit-score>
      <Hsp_score>42</Hsp_score>
      <Hsp_evalue>2.92588</Hsp_evalue>
      <Hsp_query-from>5</Hsp_query-from>
      <Hsp_query-to>30</Hsp_query-to>
      <Hsp_hit-from>4259</Hsp_hit-from>
      <Hsp_hit-to>4234</Hsp_hit-to>
      <Hsp_query-frame>1</Hsp_query-frame>
      <Hsp_hit-frame>-1</Hsp_hit-frame>
      <Hsp_identity>24</Hsp_identity>
      <Hsp_positive>24</Hsp_positive>
      <Hsp_gaps>0</Hsp_gaps>
      <Hsp_align-len>26</Hsp_align-len>
      <Hsp_qseq>CAGTGAGTGTTAGTGGATGAAAGCTC</Hsp_qseq>
      <Hsp_hseq>CAGTGAGTGTTAGTGAATGAACGCTC</Hsp_hseq>
      <Hsp_midline>||||||||||||||| ||||| ||||</Hsp_midline>
    </Hsp>
  </Hit_hsps>
</Hit>
<Hit>
  <Hit_num>3</Hit_num>
  <Hit_id>gi|544464251|ref|XM_005568343.1|</Hit_id>
  <Hit_def>PREDICTED: Macaca fascicularis BTB (POZ) domain containing 3 (BTBD3), transcript variant X1, mRNA</Hit_def>
  <Hit_accession>XM_005568343</Hit_accession>
  <Hit_len>4637</Hit_len>
  <Hit_hsps>
    <Hsp>
      <Hsp_num>1</Hsp_num>
      <Hsp_bit-score>39.157</Hsp_bit-score>
      <Hsp_score>42</Hsp_score>
      <Hsp_evalue>2.92588</Hsp_evalue>
      <Hsp_query-from>5</Hsp_query-from>
      <Hsp_query-to>30</Hsp_query-to>
      <Hsp_hit-from>3854</Hsp_hit-from>
      <Hsp_hit-to>3829</Hsp_hit-to>
      <Hsp_query-frame>1</Hsp_query-frame>
      <Hsp_hit-frame>-1</Hsp_hit-frame>
      <Hsp_identity>24</Hsp_identity>
      <Hsp_positive>24</Hsp_positive>
      <Hsp_gaps>0</Hsp_gaps>
      <Hsp_align-len>26</Hsp_align-len>
      <Hsp_qseq>CAGTGAGTGTTAGTGGATGAAAGCTC</Hsp_qseq>
      <Hsp_hseq>CAGTGAGTGTTAGTGAATGAACGCTC</Hsp_hseq>
      <Hsp_midline>||||||||||||||| ||||| ||||</Hsp_midline>
    </Hsp>
  </Hit_hsps>
</Hit>
<Hit>
  <Hit_num>4</Hit_num>
  <Hit_id>gi|510021827|emb|HF951689.1|</Hit_id>
  <Hit_def>Chthonomonas calidirosea T49 complete genome</Hit_def>
  <Hit_accession>HF951689</Hit_accession>
  <Hit_len>3437861</Hit_len>
  <Hit_hsps>
    <Hsp>
      <Hsp_num>1</Hsp_num>
      <Hsp_bit-score>39.157</Hsp_bit-score>
      <Hsp_score>42</Hsp_score>
      <Hsp_evalue>2.92588</Hsp_evalue>
      <Hsp_query-from>21</Hsp_query-from>
      <Hsp_query-to>41</Hsp_query-to>
      <Hsp_hit-from>2663684</Hsp_hit-from>
      <Hsp_hit-to>2663664</Hsp_hit-to>
      <Hsp_query-frame>1</Hsp_query-frame>
      <Hsp_hit-frame>-1</Hsp_hit-frame>
      <Hsp_identity>21</Hsp_identity>
      <Hsp_positive>21</Hsp_positive>
      <Hsp_gaps>0</Hsp_gaps>
      <Hsp_align-len>21</Hsp_align-len>
      <Hsp_qseq>ATGAAAGCTCAAAACGCTTTC</Hsp_qseq>
      <Hsp_hseq>ATGAAAGCTCAAAACGCTTTC</Hsp_hseq>
      <Hsp_midline>|||||||||||||||||||||</Hsp_midline>
    </Hsp>
  </Hit_hsps>
</Hit>
<Hit>
  <Hit_num>5</Hit_num>
  <Hit_id>gi|402883225|ref|XM_003905079.1|</Hit_id>
  <Hit_def>PREDICTED: Papio anubis BTB (POZ) domain containing 3 (BTBD3), mRNA</Hit_def>
  <Hit_accession>XM_003905079</Hit_accession>
  <Hit_len>4690</Hit_len>
  <Hit_hsps>
    <Hsp>
      <Hsp_num>1</Hsp_num>
      <Hsp_bit-score>39.157</Hsp_bit-score>
      <Hsp_score>42</Hsp_score>
      <Hsp_evalue>2.92588</Hsp_evalue>
      <Hsp_query-from>5</Hsp_query-from>
      <Hsp_query-to>30</Hsp_query-to>
      <Hsp_hit-from>3893</Hsp_hit-from>
      <Hsp_hit-to>3868</Hsp_hit-to>
      <Hsp_query-frame>1</Hsp_query-frame>
      <Hsp_hit-frame>-1</Hsp_hit-frame>
      <Hsp_identity>24</Hsp_identity>
      <Hsp_positive>24</Hsp_positive>
      <Hsp_gaps>0</Hsp_gaps>
      <Hsp_align-len>26</Hsp_align-len>
      <Hsp_qseq>CAGTGAGTGTTAGTGGATGAAAGCTC</Hsp_qseq>
      <Hsp_hseq>CAGTGAGTGTTAGTGAATGAACGCTC</Hsp_hseq>
      <Hsp_midline>||||||||||||||| ||||| ||||</Hsp_midline>
    </Hsp>
  </Hit_hsps>
</Hit>
<Hit>
  <Hit_num>6</Hit_num>
  <Hit_id>gi|359496673|ref|XM_003635247.1|</Hit_id>
  <Hit_def>PREDICTED: Vitis vinifera secologanin synthase-like (LOC100260384), mRNA</Hit_def>
  <Hit_accession>XM_003635247</Hit_accession>
  <Hit_len>2254</Hit_len>
  <Hit_hsps>
    <Hsp>
      <Hsp_num>1</Hsp_num>
      <Hsp_bit-score>39.157</Hsp_bit-score>
      <Hsp_score>42</Hsp_score>
      <Hsp_evalue>2.92588</Hsp_evalue>
      <Hsp_query-from>8</Hsp_query-from>
      <Hsp_query-to>33</Hsp_query-to>
      <Hsp_hit-from>1686</Hsp_hit-from>
      <Hsp_hit-to>1661</Hsp_hit-to>
      <Hsp_query-frame>1</Hsp_query-frame>
      <Hsp_hit-frame>-1</Hsp_hit-frame>
      <Hsp_identity>24</Hsp_identity>
      <Hsp_positive>24</Hsp_positive>
      <Hsp_gaps>0</Hsp_gaps>
      <Hsp_align-len>26</Hsp_align-len>
      <Hsp_qseq>TGAGTGTTAGTGGATGAAAGCTCAAA</Hsp_qseq>
      <Hsp_hseq>TGAGTGTAAGTGGGTGAAAGCTCAAA</Hsp_hseq>
      <Hsp_midline>||||||| ||||| ||||||||||||</Hsp_midline>
    </Hsp>
  </Hit_hsps>
</Hit>
<Hit>
  <Hit_num>7</Hit_num>
  <Hit_id>gi|349715495|emb|FQ380797.1|</Hit_id>
  <Hit_def>Vitis vinifera clone SS0ACG2YF15</Hit_def>
  <Hit_accession>FQ380797</Hit_accession>
  <Hit_len>1266</Hit_len>
  <Hit_hsps>
    <Hsp>
      <Hsp_num>1</Hsp_num>
      <Hsp_bit-score>39.157</Hsp_bit-score>
      <Hsp_score>42</Hsp_score>
      <Hsp_evalue>2.92588</Hsp_evalue>
      <Hsp_query-from>8</Hsp_query-from>
      <Hsp_query-to>33</Hsp_query-to>
      <Hsp_hit-from>675</Hsp_hit-from>
      <Hsp_hit-to>650</Hsp_hit-to>
      <Hsp_query-frame>1</Hsp_query-frame>
      <Hsp_hit-frame>-1</Hsp_hit-frame>
      <Hsp_identity>24</Hsp_identity>
      <Hsp_positive>24</Hsp_positive>
      <Hsp_gaps>0</Hsp_gaps>
      <Hsp_align-len>26</Hsp_align-len>
      <Hsp_qseq>TGAGTGTTAGTGGATGAAAGCTCAAA</Hsp_qseq>
      <Hsp_hseq>TGAGTGTAAGTGGGTGAAAGCTCAAA</Hsp_hseq>
      <Hsp_midline>||||||| ||||| ||||||||||||</Hsp_midline>
    </Hsp>
  </Hit_hsps>
</Hit>
<Hit>
  <Hit_num>8</Hit_num>
  <Hit_id>gi|349705532|emb|FQ384088.1|</Hit_id>
  <Hit_def>Vitis vinifera clone SS0AAG40YN22</Hit_def>
  <Hit_accession>FQ384088</Hit_accession>
  <Hit_len>1264</Hit_len>
  <Hit_hsps>
    <Hsp>
      <Hsp_num>1</Hsp_num>
      <Hsp_bit-score>39.157</Hsp_bit-score>
      <Hsp_score>42</Hsp_score>
      <Hsp_evalue>2.92588</Hsp_evalue>
      <Hsp_query-from>8</Hsp_query-from>
      <Hsp_query-to>33</Hsp_query-to>
      <Hsp_hit-from>675</Hsp_hit-from>
      <Hsp_hit-to>650</Hsp_hit-to>
      <Hsp_query-frame>1</Hsp_query-frame>
      <Hsp_hit-frame>-1</Hsp_hit-frame>
      <Hsp_identity>24</Hsp_identity>
      <Hsp_positive>24</Hsp_positive>
      <Hsp_gaps>0</Hsp_gaps>
      <Hsp_align-len>26</Hsp_align-len>
      <Hsp_qseq>TGAGTGTTAGTGGATGAAAGCTCAAA</Hsp_qseq>
      <Hsp_hseq>TGAGTGTAAGTGGGTGAAAGCTCAAA</Hsp_hseq>
      <Hsp_midline>||||||| ||||| ||||||||||||</Hsp_midline>
    </Hsp>
  </Hit_hsps>
</Hit>
<Hit>
  <Hit_num>9</Hit_num>
  <Hit_id>gi|297260299|ref|XM_001082699.2|</Hit_id>
  <Hit_def>PREDICTED: Macaca mulatta BTB (POZ) domain containing 3 (BTBD3), mRNA</Hit_def>
  <Hit_accession>XM_001082699</Hit_accession>
  <Hit_len>4704</Hit_len>
  <Hit_hsps>
    <Hsp>
      <Hsp_num>1</Hsp_num>
      <Hsp_bit-score>39.157</Hsp_bit-score>
      <Hsp_score>42</Hsp_score>
      <Hsp_evalue>2.92588</Hsp_evalue>
      <Hsp_query-from>5</Hsp_query-from>
      <Hsp_query-to>30</Hsp_query-to>
      <Hsp_hit-from>3909</Hsp_hit-from>
      <Hsp_hit-to>3884</Hsp_hit-to>
      <Hsp_query-frame>1</Hsp_query-frame>
      <Hsp_hit-frame>-1</Hsp_hit-frame>
      <Hsp_identity>24</Hsp_identity>
      <Hsp_positive>24</Hsp_positive>
      <Hsp_gaps>0</Hsp_gaps>
      <Hsp_align-len>26</Hsp_align-len>
      <Hsp_qseq>CAGTGAGTGTTAGTGGATGAAAGCTC</Hsp_qseq>
      <Hsp_hseq>CAGTGAGTGTTAGTGAATGAACGCTC</Hsp_hseq>
      <Hsp_midline>||||||||||||||| ||||| ||||</Hsp_midline>
    </Hsp>
  </Hit_hsps>
</Hit>
<Hit>
  <Hit_num>10</Hit_num>
  <Hit_id>gi|224088197|ref|XM_002308330.1|</Hit_id>
  <Hit_def>Populus trichocarpa predicted protein, mRNA</Hit_def>
  <Hit_accession>XM_002308330</Hit_accession>
  <Hit_len>756</Hit_len>
  <Hit_hsps>
    <Hsp>
      <Hsp_num>1</Hsp_num>
      <Hsp_bit-score>39.157</Hsp_bit-score>
      <Hsp_score>42</Hsp_score>
      <Hsp_evalue>2.92588</Hsp_evalue>
      <Hsp_query-from>35</Hsp_query-from>
      <Hsp_query-to>63</Hsp_query-to>
      <Hsp_hit-from>84</Hsp_hit-from>
      <Hsp_hit-to>112</Hsp_hit-to>
      <Hsp_query-frame>1</Hsp_query-frame>
      <Hsp_hit-frame>1</Hsp_hit-frame>
      <Hsp_identity>26</Hsp_identity>
      <Hsp_positive>26</Hsp_positive>
      <Hsp_gaps>0</Hsp_gaps>
      <Hsp_align-len>29</Hsp_align-len>
      <Hsp_qseq>CGCTTTCATAGATCCTGACAGTTTTGAAG</Hsp_qseq>
      <Hsp_hseq>CGCTTTCAAAGATTCTGGCAGTTTTGAAG</Hsp_hseq>
      <Hsp_midline>|||||||| |||| ||| |||||||||||</Hsp_midline>
    </Hsp>
  </Hit_hsps>
</Hit>
<Hit>
  <Hit_num>11</Hit_num>
  <Hit_id>gi|147795106|emb|AM443849.2|</Hit_id>
  <Hit_def>Vitis vinifera contig VV79X004539.2, whole genome shotgun sequence</Hit_def>
  <Hit_accession>AM443849</Hit_accession>
  <Hit_len>18501</Hit_len>
  <Hit_hsps>
    <Hsp>
      <Hsp_num>1</Hsp_num>
      <Hsp_bit-score>39.157</Hsp_bit-score>
      <Hsp_score>42</Hsp_score>
      <Hsp_evalue>2.92588</Hsp_evalue>
      <Hsp_query-from>8</Hsp_query-from>
      <Hsp_query-to>33</Hsp_query-to>
      <Hsp_hit-from>6190</Hsp_hit-from>
      <Hsp_hit-to>6165</Hsp_hit-to>
      <Hsp_query-frame>1</Hsp_query-frame>
      <Hsp_hit-frame>-1</Hsp_hit-frame>
      <Hsp_identity>24</Hsp_identity>
      <Hsp_positive>24</Hsp_positive>
      <Hsp_gaps>0</Hsp_gaps>
      <Hsp_align-len>26</Hsp_align-len>
      <Hsp_qseq>TGAGTGTTAGTGGATGAAAGCTCAAA</Hsp_qseq>
      <Hsp_hseq>TGAGTGTAAGTGGGTGAAAGCTCAAA</Hsp_hseq>
      <Hsp_midline>||||||| ||||| ||||||||||||</Hsp_midline>
    </Hsp>
  </Hit_hsps>
</Hit>
</Iteration_hits>
  <Iteration_stat>
    <Statistics>
      <Statistics_db-num>20592858</Statistics_db-num>
      <Statistics_db-len>362413129</Statistics_db-len>
      <Statistics_hsp-len>0</Statistics_hsp-len>
      <Statistics_eff-space>0</Statistics_eff-space>
      <Statistics_kappa>0.41</Statistics_kappa>
      <Statistics_lambda>0.625</Statistics_lambda>
      <Statistics_entropy>0.78</Statistics_entropy>
    </Statistics>
  </Iteration_stat>
</Iteration>
</BlastOutput_iterations>
</BlastOutput>

