<?xml version="1.0"?>
<!DOCTYPE BlastOutput PUBLIC "-//NCBI//NCBI BlastOutput/EN" "http://www.ncbi.nlm.nih.gov/dtd/NCBI_BlastOutput.dtd">
<BlastOutput>
  <BlastOutput_program>blastn</BlastOutput_program>
  <BlastOutput_version>BLASTN 2.2.28+</BlastOutput_version>
  <BlastOutput_reference>Stephen F. Altschul, Thomas L. Madden, Alejandro A. Sch&amp;auml;ffer, Jinghui Zhang, Zheng Zhang, Webb Miller, and David J. Lipman (1997), &quot;Gapped BLAST and PSI-BLAST: a new generation of protein database search programs&quot;, Nucleic Acids Res. 25:3389-3402.</BlastOutput_reference>
  <BlastOutput_db>nr</BlastOutput_db>
  <BlastOutput_query-ID>58293</BlastOutput_query-ID>
  <BlastOutput_query-def>No definition line</BlastOutput_query-def>
  <BlastOutput_query-len>76</BlastOutput_query-len>
  <BlastOutput_param>
    <Parameters>
      <Parameters_expect>10</Parameters_expect>
      <Parameters_sc-match>2</Parameters_sc-match>
      <Parameters_sc-mismatch>-3</Parameters_sc-mismatch>
      <Parameters_gap-open>5</Parameters_gap-open>
      <Parameters_gap-extend>2</Parameters_gap-extend>
      <Parameters_filter>L;m;</Parameters_filter>
    </Parameters>
  </BlastOutput_param>
<BlastOutput_iterations>
<Iteration>
  <Iteration_iter-num>1</Iteration_iter-num>
  <Iteration_query-ID>58293</Iteration_query-ID>
  <Iteration_query-def>No definition line</Iteration_query-def>
  <Iteration_query-len>76</Iteration_query-len>
<Iteration_hits>
<Hit>
  <Hit_num>1</Hit_num>
  <Hit_id>gi|398010581|ref|XM_003858440.1|</Hit_id>
  <Hit_def>Leishmania donovani hypothetical protein, conserved (LDBPK_070470) mRNA, complete cds</Hit_def>
  <Hit_accession>XM_003858440</Hit_accession>
  <Hit_len>2430</Hit_len>
  <Hit_hsps>
    <Hsp>
      <Hsp_num>1</Hsp_num>
      <Hsp_bit-score>40.9604</Hsp_bit-score>
      <Hsp_score>44</Hsp_score>
      <Hsp_evalue>1.02947</Hsp_evalue>
      <Hsp_query-from>6</Hsp_query-from>
      <Hsp_query-to>32</Hsp_query-to>
      <Hsp_hit-from>2312</Hsp_hit-from>
      <Hsp_hit-to>2286</Hsp_hit-to>
      <Hsp_query-frame>1</Hsp_query-frame>
      <Hsp_hit-frame>-1</Hsp_hit-frame>
      <Hsp_identity>25</Hsp_identity>
      <Hsp_positive>25</Hsp_positive>
      <Hsp_gaps>0</Hsp_gaps>
      <Hsp_align-len>27</Hsp_align-len>
      <Hsp_qseq>TGCATCTCTTGCTCCAGCAACTGGCCT</Hsp_qseq>
      <Hsp_hseq>TGCATCTCTTGCCCCAGCAACTGCCCT</Hsp_hseq>
      <Hsp_midline>|||||||||||| |||||||||| |||</Hsp_midline>
    </Hsp>
  </Hit_hsps>
</Hit>
<Hit>
  <Hit_num>2</Hit_num>
  <Hit_id>gi|322496650|emb|FR799594.1|</Hit_id>
  <Hit_def>Leishmania donovani BPK282A1 complete genome, chromosome 7</Hit_def>
  <Hit_accession>FR799594</Hit_accession>
  <Hit_len>604754</Hit_len>
  <Hit_hsps>
    <Hsp>
      <Hsp_num>1</Hsp_num>
      <Hsp_bit-score>40.9604</Hsp_bit-score>
      <Hsp_score>44</Hsp_score>
      <Hsp_evalue>1.02947</Hsp_evalue>
      <Hsp_query-from>6</Hsp_query-from>
      <Hsp_query-to>32</Hsp_query-to>
      <Hsp_hit-from>191731</Hsp_hit-from>
      <Hsp_hit-to>191757</Hsp_hit-to>
      <Hsp_query-frame>1</Hsp_query-frame>
      <Hsp_hit-frame>1</Hsp_hit-frame>
      <Hsp_identity>25</Hsp_identity>
      <Hsp_positive>25</Hsp_positive>
      <Hsp_gaps>0</Hsp_gaps>
      <Hsp_align-len>27</Hsp_align-len>
      <Hsp_qseq>TGCATCTCTTGCTCCAGCAACTGGCCT</Hsp_qseq>
      <Hsp_hseq>TGCATCTCTTGCCCCAGCAACTGCCCT</Hsp_hseq>
      <Hsp_midline>|||||||||||| |||||||||| |||</Hsp_midline>
    </Hsp>
  </Hit_hsps>
</Hit>
<Hit>
  <Hit_num>3</Hit_num>
  <Hit_id>gi|321398954|emb|FR796439.1|</Hit_id>
  <Hit_def>Leishmania infantum JPCM5 genome chromosome 7</Hit_def>
  <Hit_accession>FR796439</Hit_accession>
  <Hit_len>592381</Hit_len>
  <Hit_hsps>
    <Hsp>
      <Hsp_num>1</Hsp_num>
      <Hsp_bit-score>40.9604</Hsp_bit-score>
      <Hsp_score>44</Hsp_score>
      <Hsp_evalue>1.02947</Hsp_evalue>
      <Hsp_query-from>6</Hsp_query-from>
      <Hsp_query-to>32</Hsp_query-to>
      <Hsp_hit-from>191749</Hsp_hit-from>
      <Hsp_hit-to>191775</Hsp_hit-to>
      <Hsp_query-frame>1</Hsp_query-frame>
      <Hsp_hit-frame>1</Hsp_hit-frame>
      <Hsp_identity>25</Hsp_identity>
      <Hsp_positive>25</Hsp_positive>
      <Hsp_gaps>0</Hsp_gaps>
      <Hsp_align-len>27</Hsp_align-len>
      <Hsp_qseq>TGCATCTCTTGCTCCAGCAACTGGCCT</Hsp_qseq>
      <Hsp_hseq>TGCATCTCTTGCCCCAGCAACTGCCCT</Hsp_hseq>
      <Hsp_midline>|||||||||||| |||||||||| |||</Hsp_midline>
    </Hsp>
  </Hit_hsps>
</Hit>
<Hit>
  <Hit_num>4</Hit_num>
  <Hit_id>gi|220939440|emb|FP017181.6|</Hit_id>
  <Hit_def>Zebrafish DNA sequence from clone CH73-108E8 in linkage group 15, complete sequence</Hit_def>
  <Hit_accession>FP017181</Hit_accession>
  <Hit_len>109767</Hit_len>
  <Hit_hsps>
    <Hsp>
      <Hsp_num>1</Hsp_num>
      <Hsp_bit-score>40.9604</Hsp_bit-score>
      <Hsp_score>44</Hsp_score>
      <Hsp_evalue>1.02947</Hsp_evalue>
      <Hsp_query-from>42</Hsp_query-from>
      <Hsp_query-to>75</Hsp_query-to>
      <Hsp_hit-from>87127</Hsp_hit-from>
      <Hsp_hit-to>87096</Hsp_hit-to>
      <Hsp_query-frame>1</Hsp_query-frame>
      <Hsp_hit-frame>-1</Hsp_hit-frame>
      <Hsp_identity>30</Hsp_identity>
      <Hsp_positive>30</Hsp_positive>
      <Hsp_gaps>2</Hsp_gaps>
      <Hsp_align-len>34</Hsp_align-len>
      <Hsp_qseq>TAATCAAATCGAGCGTGATGTGCCTATTGCAAAT</Hsp_qseq>
      <Hsp_hseq>TAATCAAATCGAGC--GATGTGACTATTGCAGAT</Hsp_hseq>
      <Hsp_midline>||||||||||||||  |||||| |||||||| ||</Hsp_midline>
    </Hsp>
  </Hit_hsps>
</Hit>
<Hit>
  <Hit_num>5</Hit_num>
  <Hit_id>gi|146077307|ref|XM_001463203.1|</Hit_id>
  <Hit_def>Leishmania infantum JPCM5 conserved hypothetical protein (LINJ_07_0470) mRNA, complete cds</Hit_def>
  <Hit_accession>XM_001463203</Hit_accession>
  <Hit_len>2430</Hit_len>
  <Hit_hsps>
    <Hsp>
      <Hsp_num>1</Hsp_num>
      <Hsp_bit-score>40.9604</Hsp_bit-score>
      <Hsp_score>44</Hsp_score>
      <Hsp_evalue>1.02947</Hsp_evalue>
      <Hsp_query-from>6</Hsp_query-from>
      <Hsp_query-to>32</Hsp_query-to>
      <Hsp_hit-from>2312</Hsp_hit-from>
      <Hsp_hit-to>2286</Hsp_hit-to>
      <Hsp_query-frame>1</Hsp_query-frame>
      <Hsp_hit-frame>-1</Hsp_hit-frame>
      <Hsp_identity>25</Hsp_identity>
      <Hsp_positive>25</Hsp_positive>
      <Hsp_gaps>0</Hsp_gaps>
      <Hsp_align-len>27</Hsp_align-len>
      <Hsp_qseq>TGCATCTCTTGCTCCAGCAACTGGCCT</Hsp_qseq>
      <Hsp_hseq>TGCATCTCTTGCCCCAGCAACTGCCCT</Hsp_hseq>
      <Hsp_midline>|||||||||||| |||||||||| |||</Hsp_midline>
    </Hsp>
  </Hit_hsps>
</Hit>
<Hit>
  <Hit_num>6</Hit_num>
  <Hit_id>gi|47109660|emb|BX530057.5|</Hit_id>
  <Hit_def>Zebrafish DNA sequence from clone DKEY-48O24 in linkage group 1, complete sequence</Hit_def>
  <Hit_accession>BX530057</Hit_accession>
  <Hit_len>178280</Hit_len>
  <Hit_hsps>
    <Hsp>
      <Hsp_num>1</Hsp_num>
      <Hsp_bit-score>40.9604</Hsp_bit-score>
      <Hsp_score>44</Hsp_score>
      <Hsp_evalue>1.02947</Hsp_evalue>
      <Hsp_query-from>42</Hsp_query-from>
      <Hsp_query-to>75</Hsp_query-to>
      <Hsp_hit-from>6602</Hsp_hit-from>
      <Hsp_hit-to>6571</Hsp_hit-to>
      <Hsp_query-frame>1</Hsp_query-frame>
      <Hsp_hit-frame>-1</Hsp_hit-frame>
      <Hsp_identity>30</Hsp_identity>
      <Hsp_positive>30</Hsp_positive>
      <Hsp_gaps>2</Hsp_gaps>
      <Hsp_align-len>34</Hsp_align-len>
      <Hsp_qseq>TAATCAAATCGAGCGTGATGTGCCTATTGCAAAT</Hsp_qseq>
      <Hsp_hseq>TAATCAAATCGAGC--GATGTGACTATTGCAGAT</Hsp_hseq>
      <Hsp_midline>||||||||||||||  |||||| |||||||| ||</Hsp_midline>
    </Hsp>
  </Hit_hsps>
</Hit>
<Hit>
  <Hit_num>7</Hit_num>
  <Hit_id>gi|354792665|gb|JN957166.1|</Hit_id>
  <Hit_def>Mus musculus targeted non-conditional, lacZ-tagged mutant allele Ccnk:tm1e(KOMP)Wtsi; transgenic</Hit_def>
  <Hit_accession>JN957166</Hit_accession>
  <Hit_len>37913</Hit_len>
  <Hit_hsps>
    <Hsp>
      <Hsp_num>1</Hsp_num>
      <Hsp_bit-score>39.157</Hsp_bit-score>
      <Hsp_score>42</Hsp_score>
      <Hsp_evalue>3.59321</Hsp_evalue>
      <Hsp_query-from>16</Hsp_query-from>
      <Hsp_query-to>41</Hsp_query-to>
      <Hsp_hit-from>10892</Hsp_hit-from>
      <Hsp_hit-to>10917</Hsp_hit-to>
      <Hsp_query-frame>1</Hsp_query-frame>
      <Hsp_hit-frame>1</Hsp_hit-frame>
      <Hsp_identity>24</Hsp_identity>
      <Hsp_positive>24</Hsp_positive>
      <Hsp_gaps>0</Hsp_gaps>
      <Hsp_align-len>26</Hsp_align-len>
      <Hsp_qseq>GCTCCAGCAACTGGCCTCTACTGGTG</Hsp_qseq>
      <Hsp_hseq>GCTCCAGCCTCTGGCCTCTACTGGTG</Hsp_hseq>
      <Hsp_midline>||||||||  ||||||||||||||||</Hsp_midline>
    </Hsp>
  </Hit_hsps>
</Hit>
<Hit>
  <Hit_num>8</Hit_num>
  <Hit_id>gi|354792664|gb|JN957165.1|</Hit_id>
  <Hit_def>Mus musculus targeted KO-first, conditional ready, lacZ-tagged mutant allele Ccnk:tm1a(KOMP)Wtsi; transgenic</Hit_def>
  <Hit_accession>JN957165</Hit_accession>
  <Hit_len>37892</Hit_len>
  <Hit_hsps>
    <Hsp>
      <Hsp_num>1</Hsp_num>
      <Hsp_bit-score>39.157</Hsp_bit-score>
      <Hsp_score>42</Hsp_score>
      <Hsp_evalue>3.59321</Hsp_evalue>
      <Hsp_query-from>16</Hsp_query-from>
      <Hsp_query-to>41</Hsp_query-to>
      <Hsp_hit-from>10892</Hsp_hit-from>
      <Hsp_hit-to>10917</Hsp_hit-to>
      <Hsp_query-frame>1</Hsp_query-frame>
      <Hsp_hit-frame>1</Hsp_hit-frame>
      <Hsp_identity>24</Hsp_identity>
      <Hsp_positive>24</Hsp_positive>
      <Hsp_gaps>0</Hsp_gaps>
      <Hsp_align-len>26</Hsp_align-len>
      <Hsp_qseq>GCTCCAGCAACTGGCCTCTACTGGTG</Hsp_qseq>
      <Hsp_hseq>GCTCCAGCCTCTGGCCTCTACTGGTG</Hsp_hseq>
      <Hsp_midline>||||||||  ||||||||||||||||</Hsp_midline>
    </Hsp>
  </Hit_hsps>
</Hit>
<Hit>
  <Hit_num>9</Hit_num>
  <Hit_id>gi|332323102|gb|AC243825.3|</Hit_id>
  <Hit_def>Homo sapiens BAC clone CH17-440E11 from chromosome unknown, complete sequence</Hit_def>
  <Hit_accession>AC243825</Hit_accession>
  <Hit_len>236777</Hit_len>
  <Hit_hsps>
    <Hsp>
      <Hsp_num>1</Hsp_num>
      <Hsp_bit-score>39.157</Hsp_bit-score>
      <Hsp_score>42</Hsp_score>
      <Hsp_evalue>3.59321</Hsp_evalue>
      <Hsp_query-from>2</Hsp_query-from>
      <Hsp_query-to>27</Hsp_query-to>
      <Hsp_hit-from>121515</Hsp_hit-from>
      <Hsp_hit-to>121540</Hsp_hit-to>
      <Hsp_query-frame>1</Hsp_query-frame>
      <Hsp_hit-frame>1</Hsp_hit-frame>
      <Hsp_identity>24</Hsp_identity>
      <Hsp_positive>24</Hsp_positive>
      <Hsp_gaps>0</Hsp_gaps>
      <Hsp_align-len>26</Hsp_align-len>
      <Hsp_qseq>GCAATGCATCTCTTGCTCCAGCAACT</Hsp_qseq>
      <Hsp_hseq>GCCATGCATCTCTTGCTCCAGCTACT</Hsp_hseq>
      <Hsp_midline>|| ||||||||||||||||||| |||</Hsp_midline>
    </Hsp>
  </Hit_hsps>
</Hit>
<Hit>
  <Hit_num>10</Hit_num>
  <Hit_id>gi|317155070|ref|XM_001824843.2|</Hit_id>
  <Hit_def>Aspergillus oryzae RIB40 exportin-T, mRNA</Hit_def>
  <Hit_accession>XM_001824843</Hit_accession>
  <Hit_len>3090</Hit_len>
  <Hit_hsps>
    <Hsp>
      <Hsp_num>1</Hsp_num>
      <Hsp_bit-score>39.157</Hsp_bit-score>
      <Hsp_score>42</Hsp_score>
      <Hsp_evalue>3.59321</Hsp_evalue>
      <Hsp_query-from>3</Hsp_query-from>
      <Hsp_query-to>31</Hsp_query-to>
      <Hsp_hit-from>710</Hsp_hit-from>
      <Hsp_hit-to>741</Hsp_hit-to>
      <Hsp_query-frame>1</Hsp_query-frame>
      <Hsp_hit-frame>1</Hsp_hit-frame>
      <Hsp_identity>28</Hsp_identity>
      <Hsp_positive>28</Hsp_positive>
      <Hsp_gaps>3</Hsp_gaps>
      <Hsp_align-len>32</Hsp_align-len>
      <Hsp_qseq>CAATGC---ATCTCTTGCTCCAGCAACTGGCC</Hsp_qseq>
      <Hsp_hseq>CAATGCTCGATCTCTTGTTCCAGCAACTGGCC</Hsp_hseq>
      <Hsp_midline>||||||   |||||||| ||||||||||||||</Hsp_midline>
    </Hsp>
  </Hit_hsps>
</Hit>
<Hit>
  <Hit_num>11</Hit_num>
  <Hit_id>gi|238504931|ref|XM_002383654.1|</Hit_id>
  <Hit_def>Aspergillus flavus NRRL3357 tRNA exportin, putative, mRNA</Hit_def>
  <Hit_accession>XM_002383654</Hit_accession>
  <Hit_len>1464</Hit_len>
  <Hit_hsps>
    <Hsp>
      <Hsp_num>1</Hsp_num>
      <Hsp_bit-score>39.157</Hsp_bit-score>
      <Hsp_score>42</Hsp_score>
      <Hsp_evalue>3.59321</Hsp_evalue>
      <Hsp_query-from>3</Hsp_query-from>
      <Hsp_query-to>31</Hsp_query-to>
      <Hsp_hit-from>950</Hsp_hit-from>
      <Hsp_hit-to>981</Hsp_hit-to>
      <Hsp_query-frame>1</Hsp_query-frame>
      <Hsp_hit-frame>1</Hsp_hit-frame>
      <Hsp_identity>28</Hsp_identity>
      <Hsp_positive>28</Hsp_positive>
      <Hsp_gaps>3</Hsp_gaps>
      <Hsp_align-len>32</Hsp_align-len>
      <Hsp_qseq>CAATGC---ATCTCTTGCTCCAGCAACTGGCC</Hsp_qseq>
      <Hsp_hseq>CAATGCTCGATCTCTTGTTCCAGCAACTGGCC</Hsp_hseq>
      <Hsp_midline>||||||   |||||||| ||||||||||||||</Hsp_midline>
    </Hsp>
  </Hit_hsps>
</Hit>
<Hit>
  <Hit_num>12</Hit_num>
  <Hit_id>gi|169809717|gb|CP000961.1|</Hit_id>
  <Hit_def>Shewanella woodyi ATCC 51908, complete genome</Hit_def>
  <Hit_accession>CP000961</Hit_accession>
  <Hit_len>5935403</Hit_len>
  <Hit_hsps>
    <Hsp>
      <Hsp_num>1</Hsp_num>
      <Hsp_bit-score>39.157</Hsp_bit-score>
      <Hsp_score>42</Hsp_score>
      <Hsp_evalue>3.59321</Hsp_evalue>
      <Hsp_query-from>1</Hsp_query-from>
      <Hsp_query-to>36</Hsp_query-to>
      <Hsp_hit-from>3820752</Hsp_hit-from>
      <Hsp_hit-to>3820718</Hsp_hit-to>
      <Hsp_query-frame>1</Hsp_query-frame>
      <Hsp_hit-frame>-1</Hsp_hit-frame>
      <Hsp_identity>32</Hsp_identity>
      <Hsp_positive>32</Hsp_positive>
      <Hsp_gaps>3</Hsp_gaps>
      <Hsp_align-len>37</Hsp_align-len>
      <Hsp_qseq>TGCAATGCATCTCTT-GCTCCAGCAACTGGCCTCTAC</Hsp_qseq>
      <Hsp_hseq>TGCATTGCATCTGTTTGCTCCAGCAACTG--CTCTAC</Hsp_hseq>
      <Hsp_midline>|||| ||||||| || |||||||||||||  ||||||</Hsp_midline>
    </Hsp>
  </Hit_hsps>
</Hit>
<Hit>
  <Hit_num>13</Hit_num>
  <Hit_id>gi|40714625|gb|AC127457.3|</Hit_id>
  <Hit_def>Homo sapiens chromosome 16 clone RP11-100F10, complete sequence</Hit_def>
  <Hit_accession>AC127457</Hit_accession>
  <Hit_len>86390</Hit_len>
  <Hit_hsps>
    <Hsp>
      <Hsp_num>1</Hsp_num>
      <Hsp_bit-score>39.157</Hsp_bit-score>
      <Hsp_score>42</Hsp_score>
      <Hsp_evalue>3.59321</Hsp_evalue>
      <Hsp_query-from>2</Hsp_query-from>
      <Hsp_query-to>27</Hsp_query-to>
      <Hsp_hit-from>56094</Hsp_hit-from>
      <Hsp_hit-to>56119</Hsp_hit-to>
      <Hsp_query-frame>1</Hsp_query-frame>
      <Hsp_hit-frame>1</Hsp_hit-frame>
      <Hsp_identity>24</Hsp_identity>
      <Hsp_positive>24</Hsp_positive>
      <Hsp_gaps>0</Hsp_gaps>
      <Hsp_align-len>26</Hsp_align-len>
      <Hsp_qseq>GCAATGCATCTCTTGCTCCAGCAACT</Hsp_qseq>
      <Hsp_hseq>GCCATGCATCTCTTGCTCCAGCTACT</Hsp_hseq>
      <Hsp_midline>|| ||||||||||||||||||| |||</Hsp_midline>
    </Hsp>
  </Hit_hsps>
</Hit>
<Hit>
  <Hit_num>14</Hit_num>
  <Hit_id>gi|27597037|gb|AC122407.4|</Hit_id>
  <Hit_def>Mus musculus BAC clone RP24-129G24 from chromosome 12, complete sequence</Hit_def>
  <Hit_accession>AC122407</Hit_accession>
  <Hit_len>137860</Hit_len>
  <Hit_hsps>
    <Hsp>
      <Hsp_num>1</Hsp_num>
      <Hsp_bit-score>39.157</Hsp_bit-score>
      <Hsp_score>42</Hsp_score>
      <Hsp_evalue>3.59321</Hsp_evalue>
      <Hsp_query-from>16</Hsp_query-from>
      <Hsp_query-to>41</Hsp_query-to>
      <Hsp_hit-from>1644</Hsp_hit-from>
      <Hsp_hit-to>1669</Hsp_hit-to>
      <Hsp_query-frame>1</Hsp_query-frame>
      <Hsp_hit-frame>1</Hsp_hit-frame>
      <Hsp_identity>24</Hsp_identity>
      <Hsp_positive>24</Hsp_positive>
      <Hsp_gaps>0</Hsp_gaps>
      <Hsp_align-len>26</Hsp_align-len>
      <Hsp_qseq>GCTCCAGCAACTGGCCTCTACTGGTG</Hsp_qseq>
      <Hsp_hseq>GCTCCAGCCTCTGGCCTCTACTGGTG</Hsp_hseq>
      <Hsp_midline>||||||||  ||||||||||||||||</Hsp_midline>
    </Hsp>
  </Hit_hsps>
</Hit>
<Hit>
  <Hit_num>15</Hit_num>
  <Hit_id>gi|34304121|gb|AC106782.5|</Hit_id>
  <Hit_def>Homo sapiens chromosome 16 clone RP11-347C12, complete sequence</Hit_def>
  <Hit_accession>AC106782</Hit_accession>
  <Hit_len>181001</Hit_len>
  <Hit_hsps>
    <Hsp>
      <Hsp_num>1</Hsp_num>
      <Hsp_bit-score>39.157</Hsp_bit-score>
      <Hsp_score>42</Hsp_score>
      <Hsp_evalue>3.59321</Hsp_evalue>
      <Hsp_query-from>2</Hsp_query-from>
      <Hsp_query-to>27</Hsp_query-to>
      <Hsp_hit-from>157275</Hsp_hit-from>
      <Hsp_hit-to>157300</Hsp_hit-to>
      <Hsp_query-frame>1</Hsp_query-frame>
      <Hsp_hit-frame>1</Hsp_hit-frame>
      <Hsp_identity>24</Hsp_identity>
      <Hsp_positive>24</Hsp_positive>
      <Hsp_gaps>0</Hsp_gaps>
      <Hsp_align-len>26</Hsp_align-len>
      <Hsp_qseq>GCAATGCATCTCTTGCTCCAGCAACT</Hsp_qseq>
      <Hsp_hseq>GCCATGCATCTCTTGCTCCAGCTACT</Hsp_hseq>
      <Hsp_midline>|| ||||||||||||||||||| |||</Hsp_midline>
    </Hsp>
  </Hit_hsps>
</Hit>
<Hit>
  <Hit_num>16</Hit_num>
  <Hit_id>gi|83773123|dbj|AP007167.1|</Hit_id>
  <Hit_def>Aspergillus oryzae RIB40 DNA, SC020</Hit_def>
  <Hit_accession>AP007167</Hit_accession>
  <Hit_len>1824958</Hit_len>
  <Hit_hsps>
    <Hsp>
      <Hsp_num>1</Hsp_num>
      <Hsp_bit-score>39.157</Hsp_bit-score>
      <Hsp_score>42</Hsp_score>
      <Hsp_evalue>3.59321</Hsp_evalue>
      <Hsp_query-from>3</Hsp_query-from>
      <Hsp_query-to>31</Hsp_query-to>
      <Hsp_hit-from>1533218</Hsp_hit-from>
      <Hsp_hit-to>1533187</Hsp_hit-to>
      <Hsp_query-frame>1</Hsp_query-frame>
      <Hsp_hit-frame>-1</Hsp_hit-frame>
      <Hsp_identity>28</Hsp_identity>
      <Hsp_positive>28</Hsp_positive>
      <Hsp_gaps>3</Hsp_gaps>
      <Hsp_align-len>32</Hsp_align-len>
      <Hsp_qseq>CAATGC---ATCTCTTGCTCCAGCAACTGGCC</Hsp_qseq>
      <Hsp_hseq>CAATGCTCGATCTCTTGTTCCAGCAACTGGCC</Hsp_hseq>
      <Hsp_midline>||||||   |||||||| ||||||||||||||</Hsp_midline>
    </Hsp>
  </Hit_hsps>
</Hit>
<Hit>
  <Hit_num>17</Hit_num>
  <Hit_id>gi|66571645|gb|AC152059.4|</Hit_id>
  <Hit_def>Mus musculus BAC clone RP24-283B23 from chromosome 12, complete sequence</Hit_def>
  <Hit_accession>AC152059</Hit_accession>
  <Hit_len>180085</Hit_len>
  <Hit_hsps>
    <Hsp>
      <Hsp_num>1</Hsp_num>
      <Hsp_bit-score>39.157</Hsp_bit-score>
      <Hsp_score>42</Hsp_score>
      <Hsp_evalue>3.59321</Hsp_evalue>
      <Hsp_query-from>16</Hsp_query-from>
      <Hsp_query-to>41</Hsp_query-to>
      <Hsp_hit-from>92254</Hsp_hit-from>
      <Hsp_hit-to>92229</Hsp_hit-to>
      <Hsp_query-frame>1</Hsp_query-frame>
      <Hsp_hit-frame>-1</Hsp_hit-frame>
      <Hsp_identity>24</Hsp_identity>
      <Hsp_positive>24</Hsp_positive>
      <Hsp_gaps>0</Hsp_gaps>
      <Hsp_align-len>26</Hsp_align-len>
      <Hsp_qseq>GCTCCAGCAACTGGCCTCTACTGGTG</Hsp_qseq>
      <Hsp_hseq>GCTCCAGCCTCTGGCCTCTACTGGTG</Hsp_hseq>
      <Hsp_midline>||||||||  ||||||||||||||||</Hsp_midline>
    </Hsp>
  </Hit_hsps>
</Hit>
</Iteration_hits>
  <Iteration_stat>
    <Statistics>
      <Statistics_db-num>20592858</Statistics_db-num>
      <Statistics_db-len>362413129</Statistics_db-len>
      <Statistics_hsp-len>0</Statistics_hsp-len>
      <Statistics_eff-space>0</Statistics_eff-space>
      <Statistics_kappa>0.41</Statistics_kappa>
      <Statistics_lambda>0.625</Statistics_lambda>
      <Statistics_entropy>0.78</Statistics_entropy>
    </Statistics>
  </Iteration_stat>
</Iteration>
</BlastOutput_iterations>
</BlastOutput>

